timestamp,component_id,job_id,app_id,fs_name,llite,dirty_pages_hits,dirty_pages_misses,read_bytes.sum,write_bytes.sum,brw_read.sum,brw_write.sum,ioctl,open,close,mmap,page_fault,page_mkwrite,seek,fsync,readdir,setattr,truncate,flock,getattr,create,link,unlink,symlink,mkdir,rmdir,mknod,rename,statfs,alloc_inode,setxattr,getxattr,getxattr_hits,listxattr,removexattr,inode_permission
1702064101.001746,600019,17901504,0,nscratch,nscratch-ffffa01dbba49800,0,0,677260104447,403722356085,0,0,87128,2550763,2550763,3090,12318444,3651,98321429,59,4038,278,24501,0,1798057,0,177,4415,21,241,133,57531,3325,2916,118379,57,154913,108028,61,24771,14574223
1702064101.001824,600019,17901504,0,pscratch,pscratch-ffffa00daa186800,0,0,3121203165761,16224248190885,0,0,343670,1092851,1092849,54356,165058135,165584,238199805,19720,19151,2022,265629,0,2061422,0,0,16713,3600,1581,618,78212,757,9159,113563,23,374690,339284,24,267627,17668098
1702064102.001932,600019,17901504,0,nscratch,nscratch-ffffa01dbba49800,0,0,677260104447,403722356085,0,0,87128,2550763,2550763,3090,12318444,3651,98321429,59,4038,278,24501,0,1798057,0,177,4415,21,241,133,57531,3325,2916,118379,57,154913,108028,61,24771,14574223
1702064102.002051,600019,17901504,0,pscratch,pscratch-ffffa00daa186800,0,0,3121203165761,16224248190885,0,0,343670,1092851,1092849,54356,165058135,165584,238199805,19720,19151,2022,265629,0,2061422,0,0,16713,3600,1581,618,78212,757,9159,113563,23,374690,339284,24,267627,17668098
1702064103.001480,600019,17901504,0,nscratch,nscratch-ffffa01dbba49800,0,0,677260104447,403722356085,0,0,87128,2550763,2550763,3090,12318444,3651,98321429,59,4038,278,24501,0,1798057,0,177,4415,21,241,133,57531,3325,2916,118379,57,154913,108028,61,24771,14574223
1702064103.001557,600019,17901504,0,pscratch,pscratch-ffffa00daa186800,0,0,3121203165761,16224248190885,0,0,343670,1092851,1092849,54356,165058135,165584,238199805,19720,19151,2022,265629,0,2061422,0,0,16713,3600,1581,618,78212,757,9159,113563,23,374690,339284,24,267627,17668098
1702064104.001862,600019,17901504,0,nscratch,nscratch-ffffa01dbba49800,0,0,677260104447,403722356085,0,0,87128,2550763,2550763,3090,12318444,3651,98321429,59,4038,278,24501,0,1798057,0,177,4415,21,241,133,57531,3325,2916,118379,57,154913,108028,61,24771,14574223
1702064104.001957,600019,17901504,0,pscratch,pscratch-ffffa00daa186800,0,0,3121203165761,16224248190885,0,0,343670,1092851,1092849,54356,165058135,165584,238199805,19720,19151,2022,265629,0,2061422,0,0,16713,3600,1581,618,78212,757,9159,113563,23,374690,339284,24,267627,17668098
1702064105.002119,600019,17901504,0,nscratch,nscratch-ffffa01dbba49800,0,0,677260104447,403722356085,0,0,87128,2550763,2550763,3090,12318444,3651,98321429,59,4038,278,24501,0,1798057,0,177,4415,21,241,133,57531,3325,2916,118379,57,154913,108028,61,24771,14574223
1702064105.002203,600019,17901504,0,pscratch,pscratch-ffffa00daa186800,0,0,3121203165761,16224248190935,0,0,343670,1092851,1092849,54356,165058135,165584,238199805,19720,19151,2022,265629,0,2061423,0,0,16713,3600,1581,618,78212,757,9159,113563,23,374690,339284,24,267627,17668098
1702064106.001942,600019,17901504,0,nscratch,nscratch-ffffa01dbba49800,0,0,677260104447,403722356085,0,0,87128,2550763,2550763,3090,12318444,3651,98321429,59,4038,278,24501,0,1798057,0,177,4415,21,241,133,57531,3325,2916,118379,57,154913,108028,61,24771,14574223
1702064106.002147,600019,17901504,0,pscratch,pscratch-ffffa00daa186800,0,0,3121203165761,16224248190935,0,0,343670,1092851,1092849,54356,165058135,165584,238199805,19720,19151,2022,265629,0,2061423,0,0,16713,3600,1581,618,78212,757,9159,113563,23,374690,339284,24,267627,17668098
1702064107.001698,600019,17901504,0,nscratch,nscratch-ffffa01dbba49800,0,0,677260104447,403722356085,0,0,87200,2550763,2550763,3090,12318444,3651,98321429,59,4038,278,24501,0,1798057,0,177,4415,21,241,133,57531,3325,2952,118379,57,154913,108028,61,24771,14574259
1702064107.001846,600019,17901504,0,pscratch,pscratch-ffffa00daa186800,0,0,3121203165761,16224248190935,0,0,343742,1092851,1092849,54356,165058135,165584,238199805,19720,19151,2022,265629,0,2061423,0,0,16713,3600,1581,618,78212,757,9195,113563,23,374690,339284,24,267627,17668134
1702064108.002131,600019,17901504,0,nscratch,nscratch-ffffa01dbba49800,0,0,677260104447,403722356085,0,0,87200,2550763,2550763,3090,12318444,3651,98321429,59,4038,278,24501,0,1798057,0,177,4415,21,241,133,57531,3325,2952,118379,57,154913,108028,61,24771,14574259
1702064108.002346,600019,17901504,0,pscratch,pscratch-ffffa00daa186800,0,0,3121203165761,16235170159654,0,0,343742,1092887,1092849,54356,165058135,165584,238202443,19720,19151,2022,265629,0,2061424,0,0,16713,3600,1581,618,78248,757,9196,113600,23,374726,339284,24,267627,17668570
1702064109.002203,600019,17901504,0,nscratch,nscratch-ffffa01dbba49800,0,0,677260104447,403722356085,0,0,87200,2550763,2550763,3090,12318444,3651,98321429,59,4038,278,24501,0,1798057,0,177,4415,21,241,133,57531,3325,2952,118379,57,154913,108028,61,24771,14574259
1702064109.002400,600019,17901504,0,pscratch,pscratch-ffffa00daa186800,0,0,3121203165761,16243902700582,0,0,343742,1092887,1092849,54356,165058135,165584,238204527,19720,19151,2022,265629,0,2061424,0,0,16713,3600,1581,618,78248,757,9196,113600,23,374726,339284,24,267627,17668570
1702064110.002012,600019,17901504,0,nscratch,nscratch-ffffa01dbba49800,0,0,677260104447,403722356085,0,0,87200,2550763,2550763,3090,12318444,3651,98321429,59,4038,278,24501,0,1798057,0,177,4415,21,241,133,57531,3325,2952,118379,57,154913,108028,61,24771,14574259
1702064110.002230,600019,17901504,0,pscratch,pscratch-ffffa00daa186800,0,0,3121203165761,16253671234598,0,0,343742,1092887,1092849,54356,165058135,165584,238206855,19720,19151,2022,265629,0,2061424,0,0,16713,3600,1581,618,78248,757,9196,113600,23,374726,339284,24,267627,17668570
1702064111.001616,600019,17901504,0,nscratch,nscratch-ffffa01dbba49800,0,0,677260104447,403722356085,0,0,87200,2550763,2550763,3090,12318444,3651,98321429,59,4038,278,24501,0,1798057,0,177,4415,21,241,133,57531,3325,2952,118379,57,154913,108028,61,24771,14574259
1702064111.001862,600019,17901504,0,pscratch,pscratch-ffffa00daa186800,0,0,3121203165761,16264945523750,0,0,343742,1092887,1092849,54356,165058135,165584,238209544,19720,19151,2022,265629,0,2061424,0,0,16713,3600,1581,618,78248,757,9196,113600,23,374726,339284,24,267627,17668570
1702064112.002040,600019,17901504,0,nscratch,nscratch-ffffa01dbba49800,0,0,677260104447,403722356085,0,0,87200,2550763,2550763,3090,12318444,3651,98321429,59,4038,278,24501,0,1798057,0,177,4415,21,241,133,57531,3325,2952,118379,57,154913,108028,61,24771,14574259
1702064112.002333,600019,17901504,0,pscratch,pscratch-ffffa00daa186800,0,0,3121203165761,16275238345766,0,0,343742,1092887,1092849,54356,165058135,165584,238211997,19720,19151,2022,265629,0,2061424,0,0,16713,3600,1581,618,78248,757,9196,113600,23,374726,339284,24,267627,17668570
1702064113.002061,600019,17901504,0,nscratch,nscratch-ffffa01dbba49800,0,0,677260104447,403722356085,0,0,87200,2550763,2550763,3090,12318444,3651,98321429,59,4038,278,24501,0,1798057,0,177,4415,21,241,133,57531,3325,2952,118379,57,154913,108028,61,24771,14574259
1702064113.002611,600019,17901504,0,pscratch,pscratch-ffffa00daa186800,0,0,3121203165761,16285753465894,0,0,343742,1092887,1092849,54356,165058135,165584,238214505,19720,19151,2022,265629,0,2061424,0,0,16713,3600,1581,618,78248,757,9196,113600,23,374726,339284,24,267627,17668570
1702064114.001490,600019,17901504,0,nscratch,nscratch-ffffa01dbba49800,0,0,677260104447,403722356085,0,0,87200,2550763,2550763,3090,12318444,3651,98321429,59,4038,278,24501,0,1798057,0,177,4415,21,241,133,57531,3325,2952,118379,57,154913,108028,61,24771,14574259
1702064114.001601,600019,17901504,0,pscratch,pscratch-ffffa00daa186800,0,0,3121203165761,16296029510694,0,0,343742,1092887,1092849,54356,165058135,165584,238216955,19720,19151,2022,265629,0,2061424,0,0,16713,3600,1581,618,78248,757,9196,113600,23,374726,339284,24,267627,17668570
1702064115.002155,600019,17901504,0,nscratch,nscratch-ffffa01dbba49800,0,0,677260104447,403722356085,0,0,87200,2550763,2550763,3090,12318444,3651,98321429,59,4038,278,24501,0,1798057,0,177,4415,21,241,133,57531,3325,2952,118379,57,154913,108028,61,24771,14574259
1702064115.002332,600019,17901504,0,pscratch,pscratch-ffffa00daa186800,0,0,3121203165761,16304900463654,0,0,343742,1092887,1092849,54356,165058135,165584,238219070,19720,19151,2022,265629,0,2061424,0,0,16713,3600,1581,618,78248,757,9196,113600,23,374726,339284,24,267627,17668570
1702064116.001666,600019,17901504,0,nscratch,nscratch-ffffa01dbba49800,0,0,677260104447,403722356085,0,0,87200,2550763,2550763,3090,12318444,3651,98321429,59,4038,278,24501,0,1798057,0,177,4415,21,241,133,57531,3325,2952,118379,57,154913,108028,61,24771,14574259
1702064116.001793,600019,17901504,0,pscratch,pscratch-ffffa00daa186800,0,0,3121203165761,16314094378022,0,0,343742,1092887,1092849,54356,165058135,165584,238221261,19720,19151,2022,265629,0,2061424,0,0,16713,3600,1581,618,78248,757,9196,113600,23,374726,339284,24,267627,17668570
1702064117.002032,600019,17901504,0,nscratch,nscratch-ffffa01dbba49800,0,0,677260104447,403722356085,0,0,87200,2550763,2550763,3090,12318444,3651,98321429,59,4038,278,24501,0,1798057,0,177,4415,21,241,133,57531,3325,2952,118379,57,154913,108028,61,24771,14574259
1702064117.002151,600019,17901504,0,pscratch,pscratch-ffffa00daa186800,0,0,3121203165761,16323250543654,0,0,343742,1092887,1092849,54356,165058135,165584,238223445,19720,19151,2022,265629,0,2061424,0,0,16713,3600,1581,618,78248,757,9196,113600,23,374726,339284,24,267627,17668570
1702064118.001593,600019,17901504,0,nscratch,nscratch-ffffa01dbba49800,0,0,677260104447,403722356085,0,0,87200,2550763,2550763,3090,12318444,3651,98321429,59,4038,278,24501,0,1798057,0,177,4415,21,241,133,57531,3325,2952,118379,57,154913,108028,61,24771,14574259
1702064118.001710,600019,17901504,0,pscratch,pscratch-ffffa00daa186800,0,0,3121203165761,16332591258662,0,0,343742,1092887,1092849,54356,165058135,165584,238225671,19720,19151,2022,265629,0,2061424,0,0,16713,3600,1581,618,78248,757,9196,113600,23,374726,339284,24,267627,17668570
1702064119.002138,600019,17901504,0,nscratch,nscratch-ffffa01dbba49800,0,0,677260104447,403722356085,0,0,87200,2550763,2550763,3090,12318444,3651,98321429,59,4038,278,24501,0,1798057,0,177,4415,21,241,133,57531,3325,2952,118379,57,154913,108028,61,24771,14574259
1702064119.002292,600019,17901504,0,pscratch,pscratch-ffffa00daa186800,0,0,3121203165761,16342540147750,0,0,343742,1092887,1092849,54356,165058135,165584,238228044,19720,19151,2022,265629,0,2061424,0,0,16713,3600,1581,618,78248,757,9196,113600,23,374726,339284,24,267627,17668570
1702064120.001923,600019,17901504,0,nscratch,nscratch-ffffa01dbba49800,0,0,677260104447,403722356085,0,0,87200,2550763,2550763,3090,12318444,3651,98321429,59,4038,278,24501,0,1798057,0,177,4415,21,241,133,57531,3325,2952,118379,57,154913,108028,61,24771,14574259
1702064120.002126,600019,17901504,0,pscratch,pscratch-ffffa00daa186800,0,0,3121203165761,16352900078630,0,0,343742,1092887,1092849,54356,165058135,165584,238230513,19720,19151,2022,265629,0,2061424,0,0,16713,3600,1581,618,78248,757,9196,113600,23,374726,339284,24,267627,17668570
1702064121.001804,600019,17901504,0,nscratch,nscratch-ffffa01dbba49800,0,0,677260104447,403722356085,0,0,87200,2550763,2550763,3090,12318444,3651,98321429,59,4038,278,24501,0,1798057,0,177,4415,21,241,133,57531,3325,2952,118379,57,154913,108028,61,24771,14574259
1702064121.002014,600019,17901504,0,pscratch,pscratch-ffffa00daa186800,0,0,3121203165761,16363167734822,0,0,343742,1092887,1092849,54356,165058135,165584,238232962,19720,19151,2022,265629,0,2061424,0,0,16713,3600,1581,618,78248,757,9196,113600,23,374726,339284,24,267627,17668570
1702064122.000709,600019,17901504,0,nscratch,nscratch-ffffa01dbba49800,0,0,677260104447,403722356085,0,0,87200,2550763,2550763,3090,12318444,3651,98321429,59,4038,278,24501,0,1798057,0,177,4415,21,241,133,57531,3325,2952,118379,57,154913,108028,61,24771,14574259
1702064122.000829,600019,17901504,0,pscratch,pscratch-ffffa00daa186800,0,0,3121203165761,16373636717606,0,0,343742,1092887,1092849,54356,165058135,165584,238235458,19720,19151,2022,265629,0,2061424,0,0,16713,3600,1581,618,78248,757,9196,113600,23,374726,339284,24,267627,17668570
1702064123.001437,600019,17901504,0,nscratch,nscratch-ffffa01dbba49800,0,0,677260104447,403722356085,0,0,87200,2550763,2550763,3090,12318444,3651,98321429,59,4038,278,24501,0,1798057,0,177,4415,21,241,133,57531,3325,2952,118379,57,154913,108028,61,24771,14574259
1702064123.001553,600019,17901504,0,pscratch,pscratch-ffffa00daa186800,0,0,3121203165761,16382851603494,0,0,343742,1092887,1092849,54356,165058135,165584,238237655,19720,19151,2022,265629,0,2061424,0,0,16713,3600,1581,618,78248,757,9196,113600,23,374726,339284,24,267627,17668570
1702064124.002195,600019,17901504,0,nscratch,nscratch-ffffa01dbba49800,0,0,677260104447,403722356085,0,0,87200,2550763,2550763,3090,12318444,3651,98321429,59,4038,278,24501,0,1798057,0,177,4415,21,241,133,57531,3325,2952,118379,57,154913,108028,61,24771,14574259
1702064124.002397,600019,17901504,0,pscratch,pscratch-ffffa00daa186800,0,0,3121203165761,16391902911526,0,0,343742,1092887,1092849,54356,165058135,165584,238239813,19720,19151,2022,265629,0,2061424,0,0,16713,3600,1581,618,78248,757,9196,113600,23,374726,339284,24,267627,17668570
1702064125.002951,600019,17901504,0,nscratch,nscratch-ffffa01dbba49800,0,0,677260104447,403722356085,0,0,87200,2550763,2550763,3090,12318444,3651,98321429,59,4038,278,24501,0,1798057,0,177,4415,21,241,133,57531,3325,2952,118379,57,154913,108028,61,24771,14574259
1702064125.003430,600019,17901504,0,pscratch,pscratch-ffffa00daa186800,0,0,3121203165761,16401256209446,0,0,343742,1092887,1092849,54356,165058135,165584,238242043,19720,19151,2022,265629,0,2061424,0,0,16713,3600,1581,618,78248,757,9196,113600,23,374726,339284,24,267627,17668570
1702064126.001544,600019,17901504,0,nscratch,nscratch-ffffa01dbba49800,0,0,677260104447,403722356085,0,0,87200,2550763,2550763,3090,12318444,3651,98321429,59,4038,278,24501,0,1798057,0,177,4415,21,241,133,57531,3325,2952,118379,57,154913,108028,61,24771,14574259
1702064126.001669,600019,17901504,0,pscratch,pscratch-ffffa00daa186800,0,0,3121203165761,16410710170662,0,0,343742,1092887,1092849,54356,165058135,165584,238244297,19720,19151,2022,265629,0,2061424,0,0,16713,3600,1581,618,78248,757,9196,113600,23,374726,339284,24,267627,17668570
1702064127.001555,600019,17901504,0,nscratch,nscratch-ffffa01dbba49800,0,0,677260104447,403722356085,0,0,87200,2550763,2550763,3090,12318444,3651,98321429,59,4038,278,24501,0,1798057,0,177,4415,21,241,133,57531,3325,2952,118379,57,154913,108028,61,24771,14574259
1702064127.001666,600019,17901504,0,pscratch,pscratch-ffffa00daa186800,0,0,3121203165761,16420021525542,0,0,343742,1092887,1092849,54356,165058135,165584,238246516,19720,19151,2022,265629,0,2061424,0,0,16713,3600,1581,618,78248,757,9196,113600,23,374726,339284,24,267627,17668570
1702064128.001764,600019,17901504,0,nscratch,nscratch-ffffa01dbba49800,0,0,677260104447,403722356085,0,0,87200,2550763,2550763,3090,12318444,3651,98321429,59,4038,278,24501,0,1798057,0,177,4415,21,241,133,57531,3325,2952,118379,57,154913,108028,61,24771,14574259
1702064128.001872,600019,17901504,0,pscratch,pscratch-ffffa00daa186800,0,0,3121203165761,16429253188646,0,0,343742,1092887,1092849,54356,165058135,165584,238248718,19720,19151,2022,265629,0,2061424,0,0,16713,3600,1581,618,78248,757,9196,113600,23,374726,339284,24,267627,17668570
1702064129.001586,600019,17901504,0,nscratch,nscratch-ffffa01dbba49800,0,0,677260104447,403722356085,0,0,87200,2550763,2550763,3090,12318444,3651,98321429,59,4038,278,24501,0,1798057,0,177,4415,21,241,133,57531,3325,2952,118379,57,154913,108028,61,24771,14574259
1702064129.001781,600019,17901504,0,pscratch,pscratch-ffffa00daa186800,0,0,3121203165761,16438900087846,0,0,343742,1092887,1092849,54356,165058135,165584,238251018,19720,19151,2022,265629,0,2061424,0,0,16713,3600,1581,618,78248,757,9196,113600,23,374726,339284,24,267627,17668570
1702064130.005892,600019,17901504,0,nscratch,nscratch-ffffa01dbba49800,0,0,677260104447,403722356085,0,0,87200,2550763,2550763,3090,12318444,3651,98321429,59,4038,278,24501,0,1798057,0,177,4415,21,241,133,57531,3325,2952,118379,57,154913,108028,61,24771,14574259
1702064130.006080,600019,17901504,0,pscratch,pscratch-ffffa00daa186800,0,0,3121203165761,16449041914918,0,0,343742,1092887,1092849,54356,165058135,165584,238253435,19720,19151,2022,265629,0,2061424,0,0,16713,3600,1581,618,78248,757,9196,113600,23,374726,339284,24,267627,17668570
1702064131.000762,600019,17901504,0,nscratch,nscratch-ffffa01dbba49800,0,0,677260104447,403722356085,0,0,87200,2550763,2550763,3090,12318444,3651,98321429,59,4038,278,24501,0,1798057,0,177,4415,21,241,133,57531,3325,2952,118379,57,154913,108028,61,24771,14574259
1702064131.000906,600019,17901504,0,pscratch,pscratch-ffffa00daa186800,0,0,3121203165761,16459598978086,0,0,343742,1092887,1092849,54356,165058135,165584,238255953,19720,19151,2022,265629,0,2061424,0,0,16713,3600,1581,618,78248,757,9196,113600,23,374726,339284,24,267627,17668570
1702064132.001556,600019,17901504,0,nscratch,nscratch-ffffa01dbba49800,0,0,677260104447,403722356085,0,0,87200,2550763,2550763,3090,12318444,3651,98321429,59,4038,278,24501,0,1798057,0,177,4415,21,241,133,57531,3325,2952,118379,57,154913,108028,61,24771,14574259
1702064132.001763,600019,17901504,0,pscratch,pscratch-ffffa00daa186800,0,0,3121203165761,16469883411494,0,0,343742,1092887,1092849,54356,165058135,165584,238258405,19720,19151,2022,265629,0,2061424,0,0,16713,3600,1581,618,78248,757,9196,113600,23,374726,339284,24,267627,17668570
1702064133.001059,600019,17901504,0,nscratch,nscratch-ffffa01dbba49800,0,0,677260104447,403722356085,0,0,87200,2550763,2550763,3090,12318444,3651,98321429,59,4038,278,24501,0,1798057,0,177,4415,21,241,133,57531,3325,2952,118379,57,154913,108028,61,24771,14574259
1702064133.001275,600019,17901504,0,pscratch,pscratch-ffffa00daa186800,0,0,3121203165761,16480474029094,0,0,343742,1092887,1092849,54356,165058135,165584,238260930,19720,19151,2022,265629,0,2061424,0,0,16713,3600,1581,618,78248,757,9196,113600,23,374726,339284,24,267627,17668570
1702064134.001617,600019,17901504,0,nscratch,nscratch-ffffa01dbba49800,0,0,677260104447,403722356085,0,0,87200,2550763,2550763,3090,12318444,3651,98321429,59,4038,278,24501,0,1798057,0,177,4415,21,241,133,57531,3325,2952,118379,57,154913,108028,61,24771,14574259
1702064134.001715,600019,17901504,0,pscratch,pscratch-ffffa00daa186800,0,0,3121203165761,16490611661862,0,0,343742,1092887,1092851,54356,165058135,165584,238263345,19722,19151,2022,265629,0,2061424,0,0,16713,3600,1581,618,78248,757,9196,113600,23,374726,339284,24,267627,17668570
1702064135.001518,600019,17901504,0,nscratch,nscratch-ffffa01dbba49800,0,0,677260104447,403722356085,0,0,87200,2550763,2550763,3090,12318444,3651,98321429,59,4038,278,24501,0,1798057,0,177,4415,21,241,133,57531,3325,2952,118379,57,154913,108028,61,24771,14574259
1702064135.001685,600019,17901504,0,pscratch,pscratch-ffffa00daa186800,0,0,3121203165761,16500287921190,0,0,343742,1092887,1092855,54356,165058135,165584,238265646,19726,19151,2022,265629,0,2061424,0,0,16713,3600,1581,618,78248,757,9196,113600,23,374726,339284,24,267627,17668570
1702064136.001892,600019,17901504,0,nscratch,nscratch-ffffa01dbba49800,0,0,677260104447,403722356085,0,0,87200,2550763,2550763,3090,12318444,3651,98321429,59,4038,278,24501,0,1798057,0,177,4415,21,241,133,57531,3325,2952,118379,57,154913,108028,61,24771,14574259
1702064136.002074,600019,17901504,0,pscratch,pscratch-ffffa00daa186800,0,0,3121203165761,16509402143782,0,0,343742,1092887,1092863,54356,165058135,165584,238267812,19734,19151,2022,265629,0,2061424,0,0,16713,3600,1581,618,78248,757,9196,113600,23,374726,339284,24,267627,17668570
1702064137.001959,600019,17901504,0,nscratch,nscratch-ffffa01dbba49800,0,0,677260104447,403722356085,0,0,87200,2550763,2550763,3090,12318444,3651,98321429,59,4038,278,24501,0,1798057,0,177,4415,21,241,133,57531,3325,2952,118379,57,154913,108028,61,24771,14574259
1702064137.002112,600019,17901504,0,pscratch,pscratch-ffffa00daa186800,0,0,3121203165761,16517442624550,0,0,343742,1092887,1092870,54356,165058135,165584,238269721,19743,19151,2022,265629,0,2061424,0,0,16713,3600,1581,618,78248,757,9196,113600,23,374726,339284,24,267627,17668570
1702064138.001394,600019,17901504,0,nscratch,nscratch-ffffa01dbba49800,0,0,677260104447,403722356085,0,0,87200,2550763,2550763,3090,12318444,3651,98321429,59,4038,278,24501,0,1798057,0,177,4415,21,241,133,57531,3325,2952,118379,57,154913,108028,61,24771,14574259
1702064138.001571,600019,17901504,0,pscratch,pscratch-ffffa00daa186800,0,0,3121203165761,16523885075494,0,0,343742,1092887,1092875,54356,165058135,165584,238271254,19746,19151,2022,265629,0,2061424,0,0,16713,3600,1581,618,78248,757,9196,113600,23,374726,339284,24,267627,17668570
1702064139.002258,600019,17901504,0,nscratch,nscratch-ffffa01dbba49800,0,0,677260104447,403722356085,0,0,87200,2550763,2550763,3090,12318444,3651,98321429,59,4038,278,24501,0,1798057,0,177,4415,21,241,133,57531,3325,2952,118379,57,154913,108028,61,24771,14574259
1702064139.002412,600019,17901504,0,pscratch,pscratch-ffffa00daa186800,0,0,3121203165761,16528737885222,0,0,343742,1092887,1092878,54356,165058135,165584,238272408,19749,19151,2022,265629,0,2061424,0,0,16713,3600,1581,618,78248,757,9196,113600,23,374726,339284,24,267627,17668570
1702064140.001950,600019,17901504,0,nscratch,nscratch-ffffa01dbba49800,0,0,677260104447,403722356085,0,0,87200,2550763,2550763,3090,12318444,3651,98321429,59,4038,278,24501,0,1798057,0,177,4415,21,241,133,57531,3325,2952,118379,57,154913,108028,61,24771,14574259
1702064140.002099,600019,17901504,0,pscratch,pscratch-ffffa00daa186800,0,0,3121203165761,16532160437286,0,0,343742,1092887,1092883,54356,165058135,165584,238273218,19754,19151,2022,265629,0,2061424,0,0,16713,3600,1581,618,78248,757,9196,113600,23,374726,339284,24,267627,17668570
1702064141.001231,600019,17901504,0,nscratch,nscratch-ffffa01dbba49800,0,0,677260104447,403722356085,0,0,87200,2550763,2550763,3090,12318444,3651,98321429,59,4038,278,24501,0,1798057,0,177,4415,21,241,133,57531,3325,2952,118379,57,154913,108028,61,24771,14574259
1702064141.001353,600019,17901504,0,pscratch,pscratch-ffffa00daa186800,0,0,3121203165761,16533414534182,0,0,343742,1092887,1092884,54356,165058135,165584,238273517,19755,19151,2022,265629,0,2061424,0,0,16713,3600,1581,618,78248,757,9196,113600,23,374726,339284,24,267627,17668570
1702064142.002045,600019,17901504,0,nscratch,nscratch-ffffa01dbba49800,0,0,677260104447,403722356085,0,0,87200,2550763,2550763,3090,12318444,3651,98321429,59,4038,278,24501,0,1798057,0,177,4415,21,241,133,57531,3325,2952,118379,57,154913,108028,61,24771,14574259
1702064142.002223,600019,17901504,0,pscratch,pscratch-ffffa00daa186800,0,0,3126626400833,16533485837696,0,0,343742,1092923,1092885,54356,165058135,165584,238274861,19756,19151,2022,265629,0,2061460,0,0,16713,3600,1581,618,78248,757,9196,113600,23,374726,339284,24,267627,17668822
1702064143.001757,600019,17901504,0,nscratch,nscratch-ffffa01dbba49800,0,0,677260104447,403722356085,0,0,87200,2550763,2550763,3090,12318444,3651,98321429,59,4038,278,24501,0,1798057,0,177,4415,21,241,133,57531,3325,2952,118379,57,154913,108028,61,24771,14574259
1702064143.001869,600019,17901504,0,pscratch,pscratch-ffffa00daa186800,0,0,3132284516929,16533485837696,0,0,343742,1092923,1092885,54356,165058135,165584,238276211,19756,19151,2022,265629,0,2061460,0,0,16713,3600,1581,618,78248,757,9196,113600,23,374726,339284,24,267627,17668822
1702064144.001504,600019,17901504,0,nscratch,nscratch-ffffa01dbba49800,0,0,677260104447,403722356085,0,0,87200,2550763,2550763,3090,12318444,3651,98321429,59,4038,278,24501,0,1798057,0,177,4415,21,241,133,57531,3325,2952,118379,57,154913,108028,61,24771,14574259
1702064144.001624,600019,17901504,0,pscratch,pscratch-ffffa00daa186800,0,0,3136877279809,16533485837696,0,0,343742,1092923,1092885,54356,165058135,165584,238277306,19756,19151,2022,265629,0,2061460,0,0,16713,3600,1581,618,78248,757,9196,113600,23,374726,339284,24,267627,17668822
1702064145.002190,600019,17901504,0,nscratch,nscratch-ffffa01dbba49800,0,0,677260104447,403722356085,0,0,87200,2550763,2550763,3090,12318444,3651,98321429,59,4038,278,24501,0,1798057,0,177,4415,21,241,133,57531,3325,2952,118379,57,154913,108028,61,24771,14574259
1702064145.002377,600019,17901504,0,pscratch,pscratch-ffffa00daa186800,0,0,3141737429569,16533485837696,0,0,343742,1092923,1092885,54356,165058135,165584,238278464,19756,19151,2022,265629,0,2061460,0,0,16713,3600,1581,618,78248,757,9196,113600,23,374726,339284,24,267627,17668822
1702064146.001798,600019,17901504,0,nscratch,nscratch-ffffa01dbba49800,0,0,677260104447,403722356085,0,0,87200,2550763,2550763,3090,12318444,3651,98321429,59,4038,278,24501,0,1798057,0,177,4415,21,241,133,57531,3325,2952,118379,57,154913,108028,61,24771,14574259
1702064146.001916,600019,17901504,0,pscratch,pscratch-ffffa00daa186800,0,0,3146896423489,16533485837696,0,0,343742,1092923,1092885,54356,165058135,165584,238279694,19756,19151,2022,265629,0,2061460,0,0,16713,3600,1581,618,78248,757,9196,113600,23,374726,339284,24,267627,17668822
1702064147.002111,600019,17901504,0,nscratch,nscratch-ffffa01dbba49800,0,0,677260104447,403722356085,0,0,87200,2550763,2550763,3090,12318444,3651,98321429,59,4038,278,24501,0,1798057,0,177,4415,21,241,133,57531,3325,2952,118379,57,154913,108028,61,24771,14574259
1702064147.002219,600019,17901504,0,pscratch,pscratch-ffffa00daa186800,0,0,3152164469313,16533485837696,0,0,343742,1092923,1092885,54356,165058135,165584,238280950,19756,19151,2022,265629,0,2061460,0,0,16713,3600,1581,618,78248,757,9196,113600,23,374726,339284,24,267627,17668822
1702064148.001729,600019,17901504,0,nscratch,nscratch-ffffa01dbba49800,0,0,677260104447,403722356085,0,0,87200,2550763,2550763,3090,12318444,3651,98321429,59,4038,278,24501,0,1798057,0,177,4415,21,241,133,57531,3325,2952,118379,57,154913,108028,61,24771,14574259
1702064148.001849,600019,17901504,0,pscratch,pscratch-ffffa00daa186800,0,0,3157336046145,16533485837696,0,0,343742,1092923,1092885,54356,165058135,165584,238282183,19756,19151,2022,265629,0,2061460,0,0,16713,3600,1581,618,78248,757,9196,113600,23,374726,339284,24,267627,17668822
1702064149.002453,600019,17901504,0,nscratch,nscratch-ffffa01dbba49800,0,0,677260104447,403722356085,0,0,87200,2550763,2550763,3090,12318444,3651,98321429,59,4038,278,24501,0,1798057,0,177,4415,21,241,133,57531,3325,2952,118379,57,154913,108028,61,24771,14574259
1702064149.002627,600019,17901504,0,pscratch,pscratch-ffffa00daa186800,0,0,3162579974721,16533485837696,0,0,343742,1092923,1092885,54356,165058135,165584,238283434,19756,19151,2022,265629,0,2061460,0,0,16713,3600,1581,618,78248,757,9196,113600,23,374726,339284,24,267627,17668822
1702064150.001501,600019,17901504,0,nscratch,nscratch-ffffa01dbba49800,0,0,677260104447,403722356085,0,0,87200,2550763,2550763,3090,12318444,3651,98321429,59,4038,278,24501,0,1798057,0,177,4415,21,241,133,57531,3325,2952,118379,57,154913,108028,61,24771,14574259
1702064150.001659,600019,17901504,0,pscratch,pscratch-ffffa00daa186800,0,0,3167348898369,16533485837696,0,0,343742,1092923,1092885,54356,165058135,165584,238284571,19756,19151,2022,265629,0,2061460,0,0,16713,3600,1581,618,78248,757,9196,113600,23,374726,339284,24,267627,17668822
1702064151.002209,600019,17901504,0,nscratch,nscratch-ffffa01dbba49800,0,0,677260104447,403722356085,0,0,87200,2550763,2550763,3090,12318444,3651,98321429,59,4038,278,24501,0,1798057,0,177,4415,21,241,133,57531,3325,2952,118379,57,154913,108028,61,24771,14574259
1702064151.002380,600019,17901504,0,pscratch,pscratch-ffffa00daa186800,0,0,3172071684673,16533485837696,0,0,343742,1092923,1092885,54356,165058135,165584,238285697,19756,19151,2022,265629,0,2061460,0,0,16713,3600,1581,618,78248,757,9196,113600,23,374726,339284,24,267627,17668822
1702064152.001800,600019,17901504,0,nscratch,nscratch-ffffa01dbba49800,0,0,677260104447,403722356085,0,0,87200,2550763,2550763,3090,12318444,3651,98321429,59,4038,278,24501,0,1798057,0,177,4415,21,241,133,57531,3325,2952,118379,57,154913,108028,61,24771,14574259
1702064152.001909,600019,17901504,0,pscratch,pscratch-ffffa00daa186800,0,0,3176853191233,16533485837696,0,0,343742,1092923,1092885,54356,165058135,165584,238286837,19756,19151,2022,265629,0,2061460,0,0,16713,3600,1581,618,78248,757,9196,113600,23,374726,339284,24,267627,17668822
1702064153.002131,600019,17901504,0,nscratch,nscratch-ffffa01dbba49800,0,0,677260104447,403722356085,0,0,87200,2550763,2550763,3090,12318444,3651,98321429,59,4038,278,24501,0,1798057,0,177,4415,21,241,133,57531,3325,2952,118379,57,154913,108028,61,24771,14574259
1702064153.002336,600019,17901504,0,pscratch,pscratch-ffffa00daa186800,0,0,3182220851777,16533485837696,0,0,343742,1092923,1092885,54356,165058135,165584,238288116,19756,19151,2022,265629,0,2061460,0,0,16713,3600,1581,618,78248,757,9196,113600,23,374726,339284,24,267627,17668822
1702064154.001970,600019,17901504,0,nscratch,nscratch-ffffa01dbba49800,0,0,677260104447,403722356085,0,0,87200,2550763,2550763,3090,12318444,3651,98321429,59,4038,278,24501,0,1798057,0,177,4415,21,241,133,57531,3325,2952,118379,57,154913,108028,61,24771,14574259
1702064154.002111,600019,17901504,0,pscratch,pscratch-ffffa00daa186800,0,0,3187699661377,16533485837696,0,0,343742,1092923,1092885,54356,165058135,165584,238289423,19756,19151,2022,265629,0,2061460,0,0,16713,3600,1581,618,78248,757,9196,113600,23,374726,339284,24,267627,17668822
1702064155.001710,600019,17901504,0,nscratch,nscratch-ffffa01dbba49800,0,0,677260104447,403722356085,0,0,87200,2550763,2550763,3090,12318444,3651,98321429,59,4038,278,24501,0,1798057,0,177,4415,21,241,133,57531,3325,2952,118379,57,154913,108028,61,24771,14574259
1702064155.001873,600019,17901504,0,pscratch,pscratch-ffffa00daa186800,0,0,3193202588225,16533485837696,0,0,343742,1092923,1092885,54356,165058135,165584,238290734,19756,19151,2022,265629,0,2061460,0,0,16713,3600,1581,618,78248,757,9196,113600,23,374726,339284,24,267627,17668822
1702064156.002092,600019,17901504,0,nscratch,nscratch-ffffa01dbba49800,0,0,677260104447,403722356085,0,0,87200,2550763,2550763,3090,12318444,3651,98321429,59,4038,278,24501,0,1798057,0,177,4415,21,241,133,57531,3325,2952,118379,57,154913,108028,61,24771,14574259
1702064156.002213,600019,17901504,0,pscratch,pscratch-ffffa00daa186800,0,0,3197413669441,16533485837696,0,0,343742,1092923,1092885,54356,165058135,165584,238291739,19756,19151,2022,265629,0,2061460,0,0,16713,3600,1581,618,78248,757,9196,113600,23,374726,339284,24,267627,17668822
1702064157.001580,600019,17901504,0,nscratch,nscratch-ffffa01dbba49800,0,0,677260104447,403722356085,0,0,87200,2550763,2550763,3090,12318444,3651,98321429,59,4038,278,24501,0,1798057,0,177,4415,21,241,133,57531,3325,2952,118379,57,154913,108028,61,24771,14574259
1702064157.001713,600019,17901504,0,pscratch,pscratch-ffffa00daa186800,0,0,3200907524673,16533485837696,0,0,343742,1092923,1092885,54356,165058135,165584,238292572,19756,19151,2022,265629,0,2061460,0,0,16713,3600,1581,618,78248,757,9196,113600,23,374726,339284,24,267627,17668822
1702064158.002130,600019,17901504,0,nscratch,nscratch-ffffa01dbba49800,0,0,677260104447,403722356085,0,0,87200,2550763,2550763,3090,12318444,3651,98321429,59,4038,278,24501,0,1798057,0,177,4415,21,241,133,57531,3325,2952,118379,57,154913,108028,61,24771,14574259
1702064158.002232,600019,17901504,0,pscratch,pscratch-ffffa00daa186800,0,0,3205449955905,16533485837696,0,0,343742,1092923,1092885,54356,165058135,165584,238293654,19756,19151,2022,265629,0,2061460,0,0,16713,3600,1581,618,78248,757,9196,113600,23,374726,339284,24,267627,17668822
1702064159.001432,600019,17901504,0,nscratch,nscratch-ffffa01dbba49800,0,0,677260104447,403722356085,0,0,87200,2550763,2550763,3090,12318444,3651,98321429,59,4038,278,24501,0,1798057,0,177,4415,21,241,133,57531,3325,2952,118379,57,154913,108028,61,24771,14574259
1702064159.001554,600019,17901504,0,pscratch,pscratch-ffffa00daa186800,0,0,3210659281473,16533485837696,0,0,343742,1092923,1092885,54356,165058135,165584,238294897,19756,19151,2022,265629,0,2061460,0,0,16713,3600,1581,618,78248,757,9196,113600,23,374726,339284,24,267627,17668822
1702064160.001553,600019,17901504,0,nscratch,nscratch-ffffa01dbba49800,0,0,677260104447,403722356085,0,0,87200,2550763,2550763,3090,12318444,3651,98321429,59,4038,278,24501,0,1798057,0,177,4415,21,241,133,57531,3325,2952,118379,57,154913,108028,61,24771,14574259
1702064160.001684,600019,17901504,0,pscratch,pscratch-ffffa00daa186800,0,0,3216300620353,16533485837696,0,0,343742,1092923,1092885,54356,165058135,165584,238296242,19756,19151,2022,265629,0,2061460,0,0,16713,3600,1581,618,78248,757,9196,113600,23,374726,339284,24,267627,17668822
1702064161.002183,600019,17901504,0,nscratch,nscratch-ffffa01dbba49800,0,0,677260104447,403722356085,0,0,87200,2550763,2550763,3090,12318444,3651,98321429,59,4038,278,24501,0,1798057,0,177,4415,21,241,133,57531,3325,2952,118379,57,154913,108028,61,24771,14574259
1702064161.002303,600019,17901504,0,pscratch,pscratch-ffffa00daa186800,0,0,3222092954177,16533485837696,0,0,343742,1092923,1092885,54356,165058135,165584,238297623,19756,19151,2022,265629,0,2061460,0,0,16713,3600,1581,618,78248,757,9196,113600,23,374726,339284,24,267627,17668822
1702064162.001476,600019,17901504,0,nscratch,nscratch-ffffa01dbba49800,0,0,677260104447,403722356085,0,0,87200,2550763,2550763,3090,12318444,3651,98321429,59,4038,278,24501,0,1798057,0,177,4415,21,241,133,57531,3325,2952,118379,57,154913,108028,61,24771,14574259
1702064162.001588,600019,17901504,0,pscratch,pscratch-ffffa00daa186800,0,0,3227784624705,16533485837696,0,0,343742,1092923,1092885,54356,165058135,165584,238298980,19756,19151,2022,265629,0,2061460,0,0,16713,3600,1581,618,78248,757,9196,113600,23,374726,339284,24,267627,17668822
1702064163.001624,600019,17901504,0,nscratch,nscratch-ffffa01dbba49800,0,0,677260104447,403722356085,0,0,87200,2550763,2550763,3090,12318444,3651,98321429,59,4038,278,24501,0,1798057,0,177,4415,21,241,133,57531,3325,2952,118379,57,154913,108028,61,24771,14574259
1702064163.001759,600019,17901504,0,pscratch,pscratch-ffffa00daa186800,0,0,3232901675585,16533485837696,0,0,343742,1092923,1092885,54356,165058135,165584,238300200,19756,19151,2022,265629,0,2061460,0,0,16713,3600,1581,618,78248,757,9196,113600,23,374726,339284,24,267627,17668822
1702064164.002141,600019,17901504,0,nscratch,nscratch-ffffa01dbba49800,0,0,677260104447,403722356085,0,0,87200,2550763,2550763,3090,12318444,3651,98321429,59,4038,278,24501,0,1798057,0,177,4415,21,241,133,57531,3325,2952,118379,57,154913,108028,61,24771,14574259
1702064164.002287,600019,17901504,0,pscratch,pscratch-ffffa00daa186800,0,0,3236135483969,16533485837696,0,0,343742,1092923,1092885,54356,165058135,165584,238300971,19756,19151,2022,265629,0,2061460,0,0,16713,3600,1581,618,78248,757,9196,113600,23,374726,339284,24,267627,17668822
1702064165.001467,600019,17901504,0,nscratch,nscratch-ffffa01dbba49800,0,0,677260104447,403722356085,0,0,87200,2550763,2550763,3090,12318444,3651,98321429,59,4038,278,24501,0,1798057,0,177,4415,21,241,133,57531,3325,2952,118379,57,154913,108028,61,24771,14574259
1702064165.001574,600019,17901504,0,pscratch,pscratch-ffffa00daa186800,0,0,3240321399361,16533485837696,0,0,343742,1092923,1092885,54356,165058135,165584,238301969,19756,19151,2022,265629,0,2061460,0,0,16713,3600,1581,618,78248,757,9196,113600,23,374726,339284,24,267627,17668822
1702064166.002036,600019,17901504,0,nscratch,nscratch-ffffa01dbba49800,0,0,677260104447,403722356085,0,0,87200,2550763,2550763,3090,12318444,3651,98321429,59,4038,278,24501,0,1798057,0,177,4415,21,241,133,57531,3325,2952,118379,57,154913,108028,61,24771,14574259
1702064166.002143,600019,17901504,0,pscratch,pscratch-ffffa00daa186800,0,0,3244918356545,16533485837696,0,0,343742,1092923,1092885,54356,165058135,165584,238303065,19756,19151,2022,265629,0,2061460,0,0,16713,3600,1581,618,78248,757,9196,113600,23,374726,339284,24,267627,17668822
1702064167.001522,600019,17901504,0,nscratch,nscratch-ffffa01dbba49800,0,0,677260104447,403722356085,0,0,87200,2550763,2550763,3090,12318444,3651,98321429,59,4038,278,24501,0,1798057,0,177,4415,21,241,133,57531,3325,2952,118379,57,154913,108028,61,24771,14574259
1702064167.001615,600019,17901504,0,pscratch,pscratch-ffffa00daa186800,0,0,3250324814401,16533485837696,0,0,343742,1092923,1092885,54356,165058135,165584,238304354,19756,19151,2022,265629,0,2061460,0,0,16713,3600,1581,618,78248,757,9196,113600,23,374726,339284,24,267627,17668822
1702064168.001755,600019,17901504,0,nscratch,nscratch-ffffa01dbba49800,0,0,677260104447,403722356085,0,0,87200,2550763,2550763,3090,12318444,3651,98321429,59,4038,278,24501,0,1798057,0,177,4415,21,241,133,57531,3325,2952,118379,57,154913,108028,61,24771,14574259
1702064168.001856,600019,17901504,0,pscratch,pscratch-ffffa00daa186800,0,0,3255928404545,16533485837696,0,0,343742,1092923,1092885,54356,165058135,165584,238305690,19756,19151,2022,265629,0,2061460,0,0,16713,3600,1581,618,78248,757,9196,113600,23,374726,339284,24,267627,17668822
1702064169.001346,600019,17901504,0,nscratch,nscratch-ffffa01dbba49800,0,0,677260104447,403722356085,0,0,87200,2550763,2550763,3090,12318444,3651,98321429,59,4038,278,24501,0,1798057,0,177,4415,21,241,133,57531,3325,2952,118379,57,154913,108028,61,24771,14574259
1702064169.001454,600019,17901504,0,pscratch,pscratch-ffffa00daa186800,0,0,3261599103553,16533485837696,0,0,343742,1092923,1092885,54356,165058135,165584,238307042,19756,19151,2022,265629,0,2061460,0,0,16713,3600,1581,618,78248,757,9196,113600,23,374726,339284,24,267627,17668822
1702064170.002001,600019,17901504,0,nscratch,nscratch-ffffa01dbba49800,0,0,677260104447,403722356085,0,0,87200,2550763,2550763,3090,12318444,3651,98321429,59,4038,278,24501,0,1798057,0,177,4415,21,241,133,57531,3325,2952,118379,57,154913,108028,61,24771,14574259
1702064170.002146,600019,17901504,0,pscratch,pscratch-ffffa00daa186800,0,0,3265650801217,16533485837696,0,0,343742,1092923,1092885,54356,165058135,165584,238308008,19756,19151,2022,265629,0,2061460,0,0,16713,3600,1581,618,78248,757,9196,113600,23,374726,339284,24,267627,17668822
1702064171.001396,600019,17901504,0,nscratch,nscratch-ffffa01dbba49800,0,0,677260104447,403722356085,0,0,87200,2550763,2550763,3090,12318444,3651,98321429,59,4038,278,24501,0,1798057,0,177,4415,21,241,133,57531,3325,2952,118379,57,154913,108028,61,24771,14574259
1702064171.001551,600019,17901504,0,pscratch,pscratch-ffffa00daa186800,0,0,3267819256385,16533485837696,0,0,343742,1092923,1092885,54356,165058135,165584,238308525,19756,19151,2022,265629,0,2061460,0,0,16713,3600,1581,618,78248,757,9196,113600,23,374726,339284,24,267627,17668822
1702064172.002325,600019,17901504,0,nscratch,nscratch-ffffa01dbba49800,0,0,677260104447,403722356085,0,0,87200,2550763,2550763,3090,12318444,3651,98321429,59,4038,278,24501,0,1798057,0,177,4415,21,241,133,57531,3325,2952,118379,57,154913,108028,61,24771,14574259
1702064172.002427,600019,17901504,0,pscratch,pscratch-ffffa00daa186800,0,0,3270251952705,16533485837696,0,0,343742,1092923,1092885,54356,165058135,165584,238309105,19756,19151,2022,265629,0,2061460,0,0,16713,3600,1581,618,78248,757,9196,113600,23,374726,339284,24,267627,17668822
1702064173.001863,600019,17901504,0,nscratch,nscratch-ffffa01dbba49800,0,0,677260104447,403722356085,0,0,87200,2550763,2550763,3090,12318444,3651,98321429,59,4038,278,24501,0,1798057,0,177,4415,21,241,133,57531,3325,2952,118379,57,154913,108028,61,24771,14574259
1702064173.001990,600019,17901504,0,pscratch,pscratch-ffffa00daa186800,0,0,3272785312321,16533485837696,0,0,343742,1092923,1092885,54356,165058135,165584,238309709,19756,19151,2022,265629,0,2061460,0,0,16713,3600,1581,618,78248,757,9196,113600,23,374726,339284,24,267627,17668822
1702064174.002152,600019,17901504,0,nscratch,nscratch-ffffa01dbba49800,0,0,677260104447,403722356085,0,0,87200,2550763,2550763,3090,12318444,3651,98321429,59,4038,278,24501,0,1798057,0,177,4415,21,241,133,57531,3325,2952,118379,57,154913,108028,61,24771,14574259
1702064174.002290,600019,17901504,0,pscratch,pscratch-ffffa00daa186800,0,0,3274299456065,16533485837696,0,0,343742,1092923,1092885,54356,165058135,165584,238310070,19756,19151,2022,265629,0,2061460,0,0,16713,3600,1581,618,78248,757,9196,113600,23,374726,339284,24,267627,17668822
1702064175.001853,600019,17901504,0,nscratch,nscratch-ffffa01dbba49800,0,0,677260104447,403722356085,0,0,87200,2550763,2550763,3090,12318444,3651,98321429,59,4038,278,24501,0,1798057,0,177,4415,21,241,133,57531,3325,2952,118379,57,154913,108028,61,24771,14574259
1702064175.002011,600019,17901504,0,pscratch,pscratch-ffffa00daa186800,0,0,3274853104193,16533485837696,0,0,343742,1092923,1092885,54356,165058135,165584,238310202,19756,19151,2022,265629,0,2061460,0,0,16713,3600,1581,618,78248,757,9196,113600,23,374726,339284,24,267627,17668822
1702064176.001666,600019,17901504,0,nscratch,nscratch-ffffa01dbba49800,0,0,677260104447,403722356085,0,0,87200,2550763,2550763,3090,12318444,3651,98321429,59,4038,278,24501,0,1798057,0,177,4415,21,241,133,57531,3325,2952,118379,57,154913,108028,61,24771,14574259
1702064176.001769,600019,17901504,0,pscratch,pscratch-ffffa00daa186800,0,0,3275519998529,16533485837696,0,0,343742,1092923,1092885,54356,165058135,165584,238310361,19756,19151,2022,265629,0,2061460,0,0,16713,3600,1581,618,78248,757,9196,113600,23,374726,339284,24,267627,17668822
1702064177.001915,600019,17901504,0,nscratch,nscratch-ffffa01dbba49800,0,0,677260104447,403722356085,0,0,87200,2550763,2550763,3090,12318444,3651,98321429,59,4038,278,24501,0,1798057,0,177,4415,21,241,133,57531,3325,2952,118379,57,154913,108028,61,24771,14574259
1702064177.002034,600019,17901504,0,pscratch,pscratch-ffffa00daa186800,0,0,3276337887809,16533485837696,0,0,343742,1092923,1092885,54356,165058135,165584,238310556,19756,19151,2022,265629,0,2061460,0,0,16713,3600,1581,618,78248,757,9196,113600,23,374726,339284,24,267627,17668822
1702064178.001724,600019,17901504,0,nscratch,nscratch-ffffa01dbba49800,0,0,677260104447,403722356085,0,0,87200,2550763,2550763,3090,12318444,3651,98321429,59,4038,278,24501,0,1798057,0,177,4415,21,241,133,57531,3325,2952,118379,57,154913,108028,61,24771,14574259
1702064178.001831,600019,17901504,0,pscratch,pscratch-ffffa00daa186800,0,0,3278300822081,16533485837696,0,0,343742,1092923,1092885,54356,165058135,165584,238311024,19756,19151,2022,265629,0,2061460,0,0,16713,3600,1581,618,78248,757,9196,113600,23,374726,339284,24,267627,17668822
1702064179.002267,600019,17901504,0,nscratch,nscratch-ffffa01dbba49800,0,0,677260104447,403722356085,0,0,87200,2550763,2550763,3090,12318444,3651,98321429,59,4038,278,24501,0,1798057,0,177,4415,21,241,133,57531,3325,2952,118379,57,154913,108028,61,24771,14574259
1702064179.002414,600019,17901504,0,pscratch,pscratch-ffffa00daa186800,0,0,3281081645633,16533485837696,0,0,343742,1092923,1092885,54356,165058135,165584,238311687,19756,19151,2022,265629,0,2061460,0,0,16713,3600,1581,618,78248,757,9196,113600,23,374726,339284,24,267627,17668822
1702064180.001673,600019,17901504,0,nscratch,nscratch-ffffa01dbba49800,0,0,677260104447,403722356085,0,0,87200,2550763,2550763,3090,12318444,3651,98321429,59,4038,278,24501,0,1798057,0,177,4415,21,241,133,57531,3325,2952,118379,57,154913,108028,61,24771,14574259
1702064180.001793,600019,17901504,0,pscratch,pscratch-ffffa00daa186800,0,0,3283925383745,16533485837696,0,0,343742,1092923,1092885,54356,165058135,165584,238312365,19756,19151,2022,265629,0,2061460,0,0,16713,3600,1581,618,78248,757,9196,113600,23,374726,339284,24,267627,17668822
1702064181.001408,600019,17901504,0,nscratch,nscratch-ffffa01dbba49800,0,0,677260104447,403722356085,0,0,87200,2550763,2550763,3090,12318444,3651,98321429,59,4038,278,24501,0,1798057,0,177,4415,21,241,133,57531,3325,2952,118379,57,154913,108028,61,24771,14574259
1702064181.001532,600019,17901504,0,pscratch,pscratch-ffffa00daa186800,0,0,3286555212353,16533485837696,0,0,343742,1092923,1092885,54356,165058135,165584,238312992,19756,19151,2022,265629,0,2061460,0,0,16713,3600,1581,618,78248,757,9196,113600,23,374726,339284,24,267627,17668822
1702064182.001988,600019,17901504,0,nscratch,nscratch-ffffa01dbba49800,0,0,677260104447,403722356085,0,0,87200,2550763,2550763,3090,12318444,3651,98321429,59,4038,278,24501,0,1798057,0,177,4415,21,241,133,57531,3325,2952,118379,57,154913,108028,61,24771,14574259
1702064182.002089,600019,17901504,0,pscratch,pscratch-ffffa00daa186800,0,0,3288794970689,16533485837696,0,0,343742,1092923,1092885,54356,165058135,165584,238313526,19756,19151,2022,265629,0,2061460,0,0,16713,3600,1581,618,78248,757,9196,113600,23,374726,339284,24,267627,17668822
1702064183.001327,600019,17901504,0,nscratch,nscratch-ffffa01dbba49800,0,0,677260104447,403722356085,0,0,87200,2550763,2550763,3090,12318444,3651,98321429,59,4038,278,24501,0,1798057,0,177,4415,21,241,133,57531,3325,2952,118379,57,154913,108028,61,24771,14574259
1702064183.001438,600019,17901504,0,pscratch,pscratch-ffffa00daa186800,0,0,3291525462593,16533485837696,0,0,343742,1092923,1092885,54356,165058135,165584,238314177,19756,19151,2022,265629,0,2061460,0,0,16713,3600,1581,618,78248,757,9196,113600,23,374726,339284,24,267627,17668822
1702064184.001924,600019,17901504,0,nscratch,nscratch-ffffa01dbba49800,0,0,677260104447,403722356085,0,0,87200,2550763,2550763,3090,12318444,3651,98321429,59,4038,278,24501,0,1798057,0,177,4415,21,241,133,57531,3325,2952,118379,57,154913,108028,61,24771,14574259
1702064184.002040,600019,17901504,0,pscratch,pscratch-ffffa00daa186800,0,0,3294633441857,16533485837696,0,0,343742,1092923,1092885,54356,165058135,165584,238314918,19756,19151,2022,265629,0,2061460,0,0,16713,3600,1581,618,78248,757,9196,113600,23,374726,339284,24,267627,17668822
1702064185.001690,600019,17901504,0,nscratch,nscratch-ffffa01dbba49800,0,0,677260104447,403722356085,0,0,87200,2550763,2550763,3090,12318444,3651,98321429,59,4038,278,24501,0,1798057,0,177,4415,21,241,133,57531,3325,2952,118379,57,154913,108028,61,24771,14574259
1702064185.001864,600019,17901504,0,pscratch,pscratch-ffffa00daa186800,0,0,3298676750913,16533485837696,0,0,343742,1092923,1092885,54356,165058135,165584,238315881,19756,19151,2022,265629,0,2061460,0,0,16713,3600,1581,618,78248,757,9196,113600,23,374726,339284,24,267627,17668822
1702064186.002082,600019,17901504,0,nscratch,nscratch-ffffa01dbba49800,0,0,677260104447,403722356085,0,0,87200,2550763,2550763,3090,12318444,3651,98321429,59,4038,278,24501,0,1798057,0,177,4415,21,241,133,57531,3325,2952,118379,57,154913,108028,61,24771,14574259
1702064186.002274,600019,17901504,0,pscratch,pscratch-ffffa00daa186800,0,0,3303806384705,16533485837696,0,0,343742,1092923,1092885,54356,165058135,165584,238317105,19756,19151,2022,265629,0,2061460,0,0,16713,3600,1581,618,78248,757,9196,113600,23,374726,339284,24,267627,17668822
1702064187.001830,600019,17901504,0,nscratch,nscratch-ffffa01dbba49800,0,0,677260104447,403722356085,0,0,87200,2550763,2550763,3090,12318444,3651,98321429,59,4038,278,24501,0,1798057,0,177,4415,21,241,133,57531,3325,2952,118379,57,154913,108028,61,24771,14574259
1702064187.001948,600019,17901504,0,pscratch,pscratch-ffffa00daa186800,0,0,3309158316609,16533485837696,0,0,343742,1092923,1092885,54356,165058135,165584,238318381,19756,19151,2022,265629,0,2061460,0,0,16713,3600,1581,618,78248,757,9196,113600,23,374726,339284,24,267627,17668822
1702064188.002343,600019,17901504,0,nscratch,nscratch-ffffa01dbba49800,0,0,677260104447,403722356085,0,0,87200,2550763,2550763,3090,12318444,3651,98321429,59,4038,278,24501,0,1798057,0,177,4415,21,241,133,57531,3325,2952,118379,57,154913,108028,61,24771,14574259
1702064188.002459,600019,17901504,0,pscratch,pscratch-ffffa00daa186800,0,0,3314367642177,16533485837696,0,0,343742,1092923,1092885,54356,165058135,165584,238319623,19756,19151,2022,265629,0,2061460,0,0,16713,3600,1581,618,78248,757,9196,113600,23,374726,339284,24,267627,17668822
1702064189.001693,600019,17901504,0,nscratch,nscratch-ffffa01dbba49800,0,0,677260104447,403722356085,0,0,87200,2550763,2550763,3090,12318444,3651,98321429,59,4038,278,24501,0,1798057,0,177,4415,21,241,133,57531,3325,2952,118379,57,154913,108028,61,24771,14574259
1702064189.001823,600019,17901504,0,pscratch,pscratch-ffffa00daa186800,0,0,3319694408257,16533485837696,0,0,343742,1092923,1092885,54356,165058135,165584,238320893,19756,19151,2022,265629,0,2061460,0,0,16713,3600,1581,618,78248,757,9196,113600,23,374726,339284,24,267627,17668822
1702064190.001465,600019,17901504,0,nscratch,nscratch-ffffa01dbba49800,0,0,677260104447,403722356085,0,0,87200,2550763,2550763,3090,12318444,3651,98321429,59,4038,278,24501,0,1798057,0,177,4415,21,241,133,57531,3325,2952,118379,57,154913,108028,61,24771,14574259
1702064190.001612,600019,17901504,0,pscratch,pscratch-ffffa00daa186800,0,0,3323406367297,16533485837696,0,0,343742,1092923,1092885,54356,165058135,165584,238321778,19756,19151,2022,265629,0,2061460,0,0,16713,3600,1581,618,78248,757,9196,113600,23,374726,339284,24,267627,17668822
1702064191.001862,600019,17901504,0,nscratch,nscratch-ffffa01dbba49800,0,0,677260104447,403722356085,0,0,87200,2550763,2550763,3090,12318444,3651,98321429,59,4038,278,24501,0,1798057,0,177,4415,21,241,133,57531,3325,2952,118379,57,154913,108028,61,24771,14574259
1702064191.002014,600019,17901504,0,pscratch,pscratch-ffffa00daa186800,0,0,3327420316225,16533485837696,0,0,343742,1092923,1092885,54356,165058135,165584,238322735,19756,19151,2022,265629,0,2061460,0,0,16713,3600,1581,618,78248,757,9196,113600,23,374726,339284,24,267627,17668822
1702064192.000478,600019,17901504,0,nscratch,nscratch-ffffa01dbba49800,0,0,677260104447,403722356085,0,0,87200,2550763,2550763,3090,12318444,3651,98321429,59,4038,278,24501,0,1798057,0,177,4415,21,241,133,57531,3325,2952,118379,57,154913,108028,61,24771,14574259
1702064192.000606,600019,17901504,0,pscratch,pscratch-ffffa00daa186800,0,0,3331564288577,16533485837696,0,0,343742,1092923,1092885,54356,165058135,165584,238323723,19756,19151,2022,265629,0,2061460,0,0,16713,3600,1581,618,78248,757,9196,113600,23,374726,339284,24,267627,17668822
1702064193.002104,600019,17901504,0,nscratch,nscratch-ffffa01dbba49800,0,0,677260104447,403722356085,0,0,87200,2550763,2550763,3090,12318444,3651,98321429,59,4038,278,24501,0,1798057,0,177,4415,21,241,133,57531,3325,2952,118379,57,154913,108028,61,24771,14574259
1702064193.002229,600019,17901504,0,pscratch,pscratch-ffffa00daa186800,0,0,3336672950849,16533485837696,0,0,343742,1092923,1092885,54356,165058135,165584,238324941,19756,19151,2022,265629,0,2061460,0,0,16713,3600,1581,618,78248,757,9196,113600,23,374726,339284,24,267627,17668822
1702064194.001627,600019,17901504,0,nscratch,nscratch-ffffa01dbba49800,0,0,677260104447,403722356085,0,0,87200,2550763,2550763,3090,12318444,3651,98321429,59,4038,278,24501,0,1798057,0,177,4415,21,241,133,57531,3325,2952,118379,57,154913,108028,61,24771,14574259
1702064194.001725,600019,17901504,0,pscratch,pscratch-ffffa00daa186800,0,0,3342284929601,16533485837696,0,0,343742,1092923,1092885,54356,165058135,165584,238326279,19756,19151,2022,265629,0,2061460,0,0,16713,3600,1581,618,78248,757,9196,113600,23,374726,339284,24,267627,17668822
1702064195.001908,600019,17901504,0,nscratch,nscratch-ffffa01dbba49800,0,0,677260104447,403722356085,0,0,87200,2550763,2550763,3090,12318444,3651,98321429,59,4038,278,24501,0,1798057,0,177,4415,21,241,133,57531,3325,2952,118379,57,154913,108028,61,24771,14574259
1702064195.002015,600019,17901504,0,pscratch,pscratch-ffffa00daa186800,0,0,3347930462785,16533485837696,0,0,343742,1092923,1092885,54356,165058135,165584,238327625,19756,19151,2022,265629,0,2061460,0,0,16713,3600,1581,618,78248,757,9196,113600,23,374726,339284,24,267627,17668822
1702064196.000573,600019,17901504,0,nscratch,nscratch-ffffa01dbba49800,0,0,677260104447,403722356085,0,0,87200,2550763,2550763,3090,12318444,3651,98321429,59,4038,278,24501,0,1798057,0,177,4415,21,241,133,57531,3325,2952,118379,57,154913,108028,61,24771,14574259
1702064196.000676,600019,17901504,0,pscratch,pscratch-ffffa00daa186800,0,0,3352225430081,16533485837696,0,0,343742,1092923,1092885,54356,165058135,165584,238328649,19756,19151,2022,265629,0,2061460,0,0,16713,3600,1581,618,78248,757,9196,113600,23,374726,339284,24,267627,17668822
1702064197.001716,600019,17901504,0,nscratch,nscratch-ffffa01dbba49800,0,0,677260104447,403722356085,0,0,87200,2550763,2550763,3090,12318444,3651,98321429,59,4038,278,24501,0,1798057,0,177,4415,21,241,133,57531,3325,2952,118379,57,154913,108028,61,24771,14574259
1702064197.001864,600019,17901504,0,pscratch,pscratch-ffffa00daa186800,0,0,3356562340417,16533485837696,0,0,343742,1092923,1092885,54356,165058135,165584,238329682,19756,19151,2022,265629,0,2061460,0,0,16713,3600,1581,618,78248,757,9196,113600,23,374726,339284,24,267627,17668822
1702064198.001439,600019,17901504,0,nscratch,nscratch-ffffa01dbba49800,0,0,677260104447,403722356085,0,0,87200,2550763,2550763,3090,12318444,3651,98321429,59,4038,278,24501,0,1798057,0,177,4415,21,241,133,57531,3325,2952,118379,57,154913,108028,61,24771,14574259
1702064198.001544,600019,17901504,0,pscratch,pscratch-ffffa00daa186800,0,0,3361461287489,16533485837696,0,0,343742,1092923,1092885,54356,165058135,165584,238330851,19756,19151,2022,265629,0,2061460,0,0,16713,3600,1581,618,78248,757,9196,113600,23,374726,339284,24,267627,17668822
1702064199.002032,600019,17901504,0,nscratch,nscratch-ffffa01dbba49800,0,0,677260104447,403722356085,0,0,87200,2550763,2550763,3090,12318444,3651,98321429,59,4038,278,24501,0,1798057,0,177,4415,21,241,133,57531,3325,2952,118379,57,154913,108028,61,24771,14574259
1702064199.002145,600019,17901504,0,pscratch,pscratch-ffffa00daa186800,0,0,3366834190913,16533485837696,0,0,343742,1092923,1092885,54356,165058135,165584,238332132,19756,19151,2022,265629,0,2061460,0,0,16713,3600,1581,618,78248,757,9196,113600,23,374726,339284,24,267627,17668822
1702064200.000639,600019,17901504,0,nscratch,nscratch-ffffa01dbba49800,0,0,677260104447,403722356085,0,0,87200,2550763,2550763,3090,12318444,3651,98321429,59,4038,278,24501,0,1798057,0,177,4415,21,241,133,57531,3325,2952,118379,57,154913,108028,61,24771,14574259
1702064200.000745,600019,17901504,0,pscratch,pscratch-ffffa00daa186800,0,0,3372492307009,16533485837696,0,0,343742,1092923,1092885,54356,165058135,165584,238333481,19756,19151,2022,265629,0,2061460,0,0,16713,3600,1581,618,78248,757,9196,113600,23,374726,339284,24,267627,17668822
1702064201.001497,600019,17901504,0,nscratch,nscratch-ffffa01dbba49800,0,0,677260104447,403722356085,0,0,87200,2550763,2550763,3090,12318444,3651,98321429,59,4038,278,24501,0,1798057,0,177,4415,21,241,133,57531,3325,2952,118379,57,154913,108028,61,24771,14574259
1702064201.001620,600019,17901504,0,pscratch,pscratch-ffffa00daa186800,0,0,3378116868673,16533485837696,0,0,343742,1092923,1092886,54356,165058135,165584,238334821,19756,19151,2022,265629,0,2061461,0,0,16713,3600,1581,618,78248,757,9196,113600,23,374726,339284,24,267627,17668825
1702064202.001590,600019,17901504,0,nscratch,nscratch-ffffa01dbba49800,0,0,677260104447,403722356085,0,0,87200,2550763,2550763,3090,12318444,3651,98321429,59,4038,278,24501,0,1798057,0,177,4415,21,241,133,57531,3325,2952,118379,57,154913,108028,61,24771,14574259
1702064202.001698,600019,17901504,0,pscratch,pscratch-ffffa00daa186800,0,0,3383754013249,16533485837696,0,0,343742,1092923,1092888,54356,165058135,165584,238336163,19756,19151,2022,265629,0,2061463,0,0,16713,3600,1581,618,78248,757,9196,113600,23,374726,339284,24,267627,17668831
1702064203.001574,600019,17901504,0,nscratch,nscratch-ffffa01dbba49800,0,0,677260104447,403722356085,0,0,87200,2550763,2550763,3090,12318444,3651,98321429,59,4038,278,24501,0,1798057,0,177,4415,21,241,133,57531,3325,2952,118379,57,154913,108028,61,24771,14574259
1702064203.001669,600019,17901504,0,pscratch,pscratch-ffffa00daa186800,0,0,3388124478017,16533485837696,0,0,343742,1092923,1092891,54356,165058135,165584,238337202,19756,19151,2022,265629,0,2061466,0,0,16713,3600,1581,618,78248,757,9196,113600,23,374726,339284,24,267627,17668840
1702064204.001476,600019,17901504,0,nscratch,nscratch-ffffa01dbba49800,0,0,677260104447,403722356085,0,0,87200,2550763,2550763,3090,12318444,3651,98321429,59,4038,278,24501,0,1798057,0,177,4415,21,241,133,57531,3325,2952,118379,57,154913,108028,61,24771,14574259
1702064204.001599,600019,17901504,0,pscratch,pscratch-ffffa00daa186800,0,0,3391014353473,16533485837696,0,0,343742,1092923,1092894,54356,165058135,165584,238337888,19756,19151,2022,265629,0,2061469,0,0,16713,3600,1581,618,78248,757,9196,113600,23,374726,339284,24,267627,17668849
1702064205.001570,600019,17901504,0,nscratch,nscratch-ffffa01dbba49800,0,0,677260104447,403722356085,0,0,87200,2550763,2550763,3090,12318444,3651,98321429,59,4038,278,24501,0,1798057,0,177,4415,21,241,133,57531,3325,2952,118379,57,154913,108028,61,24771,14574259
1702064205.001674,600019,17901504,0,pscratch,pscratch-ffffa00daa186800,0,0,3394059418177,16533485837696,0,0,343742,1092923,1092896,54356,165058135,165584,238338612,19756,19151,2022,265629,0,2061471,0,0,16713,3600,1581,618,78248,757,9196,113600,23,374726,339284,24,267627,17668855
1702064206.002038,600019,17901504,0,nscratch,nscratch-ffffa01dbba49800,0,0,677260104447,403722356085,0,0,87200,2550763,2550763,3090,12318444,3651,98321429,59,4038,278,24501,0,1798057,0,177,4415,21,241,133,57531,3325,2952,118379,57,154913,108028,61,24771,14574259
1702064206.002147,600019,17901504,0,pscratch,pscratch-ffffa00daa186800,0,0,3397968509505,16533485837696,0,0,343742,1092923,1092897,54356,165058135,165584,238339543,19756,19151,2022,265629,0,2061472,0,0,16713,3600,1581,618,78248,757,9196,113600,23,374726,339284,24,267627,17668858
1702064207.000435,600019,17901504,0,nscratch,nscratch-ffffa01dbba49800,0,0,677260104447,403722356085,0,0,87200,2550763,2550763,3090,12318444,3651,98321429,59,4038,278,24501,0,1798057,0,177,4415,21,241,133,57531,3325,2952,118379,57,154913,108028,61,24771,14574259
1702064207.000543,600019,17901504,0,pscratch,pscratch-ffffa00daa186800,0,0,3402536106561,16533485837696,0,0,343742,1092923,1092897,54356,165058135,165584,238340631,19756,19151,2022,265629,0,2061472,0,0,16713,3600,1581,618,78248,757,9196,113600,23,374726,339284,24,267627,17668858
1702064208.001856,600019,17901504,0,nscratch,nscratch-ffffa01dbba49800,0,0,677260104447,403722356085,0,0,87200,2550763,2550763,3090,12318444,3651,98321429,59,4038,278,24501,0,1798057,0,177,4415,21,241,133,57531,3325,2952,118379,57,154913,108028,61,24771,14574259
1702064208.001962,600019,17901504,0,pscratch,pscratch-ffffa00daa186800,0,0,3407154035265,16533485837696,0,0,343742,1092923,1092897,54356,165058135,165584,238341733,19756,19151,2022,265629,0,2061472,0,0,16713,3600,1581,618,78248,757,9196,113600,23,374726,339284,24,267627,17668858
1702064209.001826,600019,17901504,0,nscratch,nscratch-ffffa01dbba49800,0,0,677260104447,403722356085,0,0,87200,2550763,2550763,3090,12318444,3651,98321429,59,4038,278,24501,0,1798057,0,177,4415,21,241,133,57531,3325,2952,118379,57,154913,108028,61,24771,14574259
1702064209.001926,600019,17901504,0,pscratch,pscratch-ffffa00daa186800,0,0,3411805518401,16533485837696,0,0,343742,1092923,1092897,54356,165058135,165584,238342842,19756,19151,2022,265629,0,2061472,0,0,16713,3600,1581,618,78248,757,9196,113600,23,374726,339284,24,267627,17668858
1702064210.001431,600019,17901504,0,nscratch,nscratch-ffffa01dbba49800,0,0,677260104447,403722356085,0,0,87200,2550763,2550763,3090,12318444,3651,98321429,59,4038,278,24501,0,1798057,0,177,4415,21,241,133,57531,3325,2952,118379,57,154913,108028,61,24771,14574259
1702064210.001559,600019,17901504,0,pscratch,pscratch-ffffa00daa186800,0,0,3415328733761,16533485837696,0,0,343742,1092923,1092898,54356,165058135,165584,238343681,19756,19151,2022,265629,0,2061473,0,0,16713,3600,1581,618,78248,757,9196,113600,23,374726,339284,24,267627,17668861
1702064211.002086,600019,17901504,0,nscratch,nscratch-ffffa01dbba49800,0,0,677260104447,403722356085,0,0,87200,2550763,2550763,3090,12318444,3651,98321429,59,4038,278,24501,0,1798057,0,177,4415,21,241,133,57531,3325,2952,118379,57,154913,108028,61,24771,14574259
1702064211.002215,600019,17901504,0,pscratch,pscratch-ffffa00daa186800,0,0,3418176666177,16533485837696,0,0,343742,1092923,1092899,54356,165058135,165584,238344359,19756,19151,2022,265629,0,2061474,0,0,16713,3600,1581,618,78248,757,9196,113600,23,374726,339284,24,267627,17668864
1702064212.001621,600019,17901504,0,nscratch,nscratch-ffffa01dbba49800,0,0,677260104447,403722356085,0,0,87200,2550763,2550763,3090,12318444,3651,98321429,59,4038,278,24501,0,1798057,0,177,4415,21,241,133,57531,3325,2952,118379,57,154913,108028,61,24771,14574259
1702064212.001719,600019,17901504,0,pscratch,pscratch-ffffa00daa186800,0,0,3421188176449,16533485837696,0,0,343742,1092923,1092907,54356,165058135,165584,238345069,19756,19151,2022,265629,0,2061482,0,0,16713,3600,1581,618,78248,757,9196,113600,23,374726,339284,24,267627,17668888
1702064213.001515,600019,17901504,0,nscratch,nscratch-ffffa01dbba49800,0,0,677260104447,403722356085,0,0,87200,2550763,2550763,3090,12318444,3651,98321429,59,4038,278,24501,0,1798057,0,177,4415,21,241,133,57531,3325,2952,118379,57,154913,108028,61,24771,14574259
1702064213.001661,600019,17901504,0,pscratch,pscratch-ffffa00daa186800,0,0,3423444712001,16533485837696,0,0,343742,1092923,1092911,54356,165058135,165584,238345602,19756,19151,2022,265629,0,2061486,0,0,16713,3600,1581,618,78248,757,9196,113600,23,374726,339284,24,267627,17668900
1702064214.001658,600019,17901504,0,nscratch,nscratch-ffffa01dbba49800,0,0,677260104447,403722356085,0,0,87200,2550763,2550763,3090,12318444,3651,98321429,59,4038,278,24501,0,1798057,0,177,4415,21,241,133,57531,3325,2952,118379,57,154913,108028,61,24771,14574259
1702064214.001816,600019,17901504,0,pscratch,pscratch-ffffa00daa186800,0,0,3425122433601,16533485837696,0,0,343742,1092923,1092916,54356,165058135,165584,238345998,19756,19151,2022,265629,0,2061491,0,0,16713,3600,1581,618,78248,757,9196,113600,23,374726,339284,24,267627,17668915
1702064215.002316,600019,17901504,0,nscratch,nscratch-ffffa01dbba49800,0,0,677260104447,403722356085,0,0,87200,2550763,2550763,3090,12318444,3651,98321429,59,4038,278,24501,0,1798057,0,177,4415,21,241,133,57531,3325,2952,118379,57,154913,108028,61,24771,14574259
1702064215.002460,600019,17901504,0,pscratch,pscratch-ffffa00daa186800,0,0,3427080124993,16533485837696,0,0,343742,1092923,1092918,54356,165058135,165584,238346462,19756,19151,2022,265629,0,2061493,0,0,16713,3600,1581,618,78248,757,9196,113600,23,374726,339284,24,267627,17668921
1702064216.001628,600019,17901504,0,nscratch,nscratch-ffffa01dbba49800,0,0,677260104447,403722356085,0,0,87200,2550763,2550763,3090,12318444,3651,98321429,59,4038,278,24501,0,1798057,0,177,4415,21,241,133,57531,3325,2952,118379,57,154913,108028,61,24771,14574259
1702064216.001780,600019,17901504,0,pscratch,pscratch-ffffa00daa186800,0,0,3428741069377,16533485837696,0,0,343742,1092923,1092920,54356,165058135,165584,238346856,19756,19151,2022,265629,0,2061495,0,0,16713,3600,1581,618,78248,757,9196,113600,23,374726,339284,24,267627,17668927
1702064217.001317,600019,17901504,0,nscratch,nscratch-ffffa01dbba49800,0,0,677260104447,403722356085,0,0,87200,2550763,2550763,3090,12318444,3651,98321429,59,4038,278,24501,0,1798057,0,177,4415,21,241,133,57531,3325,2952,118379,57,154913,108028,61,24771,14574259
1702064217.001425,600019,17901504,0,pscratch,pscratch-ffffa00daa186800,0,0,3430083246657,16533485837696,0,0,343742,1092923,1092920,54356,165058135,165584,238347176,19756,19151,2022,265629,0,2061495,0,0,16713,3600,1581,618,78248,757,9196,113600,23,374726,339284,24,267627,17668927
1702064218.001954,600019,17901504,0,nscratch,nscratch-ffffa01dbba49800,0,0,677260104447,403722356085,0,0,87200,2550763,2550763,3090,12318444,3651,98321429,59,4038,278,24501,0,1798057,0,177,4415,21,241,133,57531,3325,2952,118379,57,154913,108028,61,24771,14574259
1702064218.002071,600019,17901504,0,pscratch,pscratch-ffffa00daa186800,0,0,3430440811073,16533487292856,0,0,343778,1093031,1093029,54356,165058135,165584,238347261,19756,19151,2023,265629,0,2061498,0,0,16749,3600,1581,618,78285,757,9200,113637,23,374726,339284,24,267628,17669534
1702064219.001380,600019,17901504,0,nscratch,nscratch-ffffa01dbba49800,0,0,677260104447,403722356085,0,0,87200,2550763,2550763,3090,12318444,3651,98321429,59,4038,278,24501,0,1798057,0,177,4415,21,241,133,57531,3325,2952,118379,57,154913,108028,61,24771,14574259
1702064219.001489,600019,17901504,0,pscratch,pscratch-ffffa00daa186800,0,0,3430440811073,16533487292903,0,0,343778,1093031,1093029,54356,165058135,165584,238347261,19756,19151,2023,265629,0,2061498,0,0,16749,3600,1581,618,78285,757,9200,113637,23,374726,339284,24,267628,17669534
1702064220.001949,600019,17901504,0,nscratch,nscratch-ffffa01dbba49800,0,0,677260104447,403722356085,0,0,87200,2550763,2550763,3090,12318444,3651,98321429,59,4038,278,24501,0,1798057,0,177,4415,21,241,133,57531,3325,2952,118379,57,154913,108028,61,24771,14574259
1702064220.002096,600019,17901504,0,pscratch,pscratch-ffffa00daa186800,0,0,3430440811073,16533487292903,0,0,343778,1093031,1093029,54356,165058135,165584,238347261,19756,19151,2023,265629,0,2061498,0,0,16749,3600,1581,618,78285,757,9200,113637,23,374726,339284,24,267628,17669534
1702064221.001592,600019,17901504,0,nscratch,nscratch-ffffa01dbba49800,0,0,677260104447,403722356085,0,0,87200,2550763,2550763,3090,12318444,3651,98321429,59,4038,278,24501,0,1798057,0,177,4415,21,241,133,57531,3325,2952,118379,57,154913,108028,61,24771,14574259
1702064221.001679,600019,17901504,0,pscratch,pscratch-ffffa00daa186800,0,0,3430440811073,16533487292903,0,0,343778,1093031,1093029,54356,165058135,165584,238347261,19756,19151,2023,265629,0,2061498,0,0,16749,3600,1581,618,78285,757,9200,113637,23,374726,339284,24,267628,17669534
1702064222.001826,600019,17901504,0,nscratch,nscratch-ffffa01dbba49800,0,0,677260104447,403722356085,0,0,87200,2550763,2550763,3090,12318444,3651,98321429,59,4038,278,24501,0,1798057,0,177,4415,21,241,133,57531,3325,2952,118379,57,154913,108028,61,24771,14574259
1702064222.001927,600019,17901504,0,pscratch,pscratch-ffffa00daa186800,0,0,3430440811073,16533487292903,0,0,343778,1093031,1093029,54356,165058135,165584,238347261,19756,19151,2023,265629,0,2061498,0,0,16749,3600,1581,618,78285,757,9200,113637,23,374726,339284,24,267628,17669534
1702064223.001637,600019,17901504,0,nscratch,nscratch-ffffa01dbba49800,0,0,677260104447,403722356085,0,0,87200,2550763,2550763,3090,12318444,3651,98321429,59,4038,278,24501,0,1798057,0,177,4415,21,241,133,57531,3325,2952,118379,57,154913,108028,61,24771,14574259
1702064223.001754,600019,17901504,0,pscratch,pscratch-ffffa00daa186800,0,0,3430440811073,16533487292903,0,0,343778,1093031,1093029,54356,165058135,165584,238347261,19756,19151,2023,265629,0,2061498,0,0,16749,3600,1581,618,78285,757,9200,113637,23,374726,339284,24,267628,17669534
1702064224.002066,600019,17901504,0,nscratch,nscratch-ffffa01dbba49800,0,0,677260104447,403722356085,0,0,87200,2550763,2550763,3090,12318444,3651,98321429,59,4038,278,24501,0,1798057,0,177,4415,21,241,133,57531,3325,2952,118379,57,154913,108028,61,24771,14574259
1702064224.002146,600019,17901504,0,pscratch,pscratch-ffffa00daa186800,0,0,3430440811073,16533487292903,0,0,343778,1093031,1093029,54356,165058135,165584,238347261,19756,19151,2023,265629,0,2061498,0,0,16749,3600,1581,618,78285,757,9200,113637,23,374726,339284,24,267628,17669534
1702064225.001275,600019,17901504,0,nscratch,nscratch-ffffa01dbba49800,0,0,677260104447,403722356085,0,0,87200,2550763,2550763,3090,12318444,3651,98321429,59,4038,278,24501,0,1798057,0,177,4415,21,241,133,57531,3325,2952,118379,57,154913,108028,61,24771,14574259
1702064225.001341,600019,17901504,0,pscratch,pscratch-ffffa00daa186800,0,0,3430440811073,16533487292903,0,0,343778,1093031,1093029,54356,165058135,165584,238347261,19756,19151,2023,265629,0,2061498,0,0,16749,3600,1581,618,78285,757,9200,113637,23,374726,339284,24,267628,17669534
1702064226.001555,600019,17901504,0,nscratch,nscratch-ffffa01dbba49800,0,0,677260104447,403722356085,0,0,87200,2550763,2550763,3090,12318444,3651,98321429,59,4038,278,24501,0,1798057,0,177,4415,21,241,133,57531,3325,2952,118379,57,154913,108028,61,24771,14574259
1702064226.001648,600019,17901504,0,pscratch,pscratch-ffffa00daa186800,0,0,3430440811073,16533487292903,0,0,343778,1093031,1093029,54356,165058135,165584,238347261,19756,19151,2023,265629,0,2061498,0,0,16749,3600,1581,618,78285,757,9200,113637,23,374726,339284,24,267628,17669534
1702064227.002048,600019,17901504,0,nscratch,nscratch-ffffa01dbba49800,0,0,677260104447,403722356085,0,0,87200,2550763,2550763,3090,12318444,3651,98321429,59,4038,278,24501,0,1798057,0,177,4415,21,241,133,57531,3325,2952,118379,57,154913,108028,61,24771,14574259
1702064227.002126,600019,17901504,0,pscratch,pscratch-ffffa00daa186800,0,0,3430440811073,16533487292903,0,0,343778,1093031,1093029,54356,165058135,165584,238347261,19756,19151,2023,265629,0,2061498,0,0,16749,3600,1581,618,78285,757,9200,113637,23,374726,339284,24,267628,17669534
1702064228.000481,600019,17901504,0,nscratch,nscratch-ffffa01dbba49800,0,0,677260104447,403722356085,0,0,87200,2550763,2550763,3090,12318444,3651,98321429,59,4038,278,24501,0,1798057,0,177,4415,21,241,133,57531,3325,2952,118379,57,154913,108028,61,24771,14574259
1702064228.000556,600019,17901504,0,pscratch,pscratch-ffffa00daa186800,0,0,3430440811073,16533487292903,0,0,343778,1093031,1093029,54356,165058135,165584,238347261,19756,19151,2023,265629,0,2061498,0,0,16749,3600,1581,618,78285,757,9200,113637,23,374726,339284,24,267628,17669534
1702064229.001682,600019,17901504,0,nscratch,nscratch-ffffa01dbba49800,0,0,677260104447,403722356085,0,0,87200,2550763,2550763,3090,12318444,3651,98321429,59,4038,278,24501,0,1798057,0,177,4415,21,241,133,57531,3325,2952,118379,57,154913,108028,61,24771,14574259
1702064229.001797,600019,17901504,0,pscratch,pscratch-ffffa00daa186800,0,0,3430440811073,16533487292903,0,0,343778,1093031,1093029,54356,165058135,165584,238347261,19756,19151,2023,265629,0,2061498,0,0,16749,3600,1581,618,78285,757,9200,113637,23,374726,339284,24,267628,17669534
1702064230.002220,600019,17901504,0,nscratch,nscratch-ffffa01dbba49800,0,0,677260104447,403722356085,0,0,87200,2550763,2550763,3090,12318444,3651,98321429,59,4038,278,24501,0,1798057,0,177,4415,21,241,133,57531,3325,2952,118379,57,154913,108028,61,24771,14574259
1702064230.002335,600019,17901504,0,pscratch,pscratch-ffffa00daa186800,0,0,3430440811073,16533487292903,0,0,343778,1093031,1093029,54356,165058135,165584,238347261,19756,19151,2023,265629,0,2061498,0,0,16749,3600,1581,618,78285,757,9200,113637,23,374726,339284,24,267628,17669534
1702064231.001632,600019,17901504,0,nscratch,nscratch-ffffa01dbba49800,0,0,677260104447,403722356085,0,0,87200,2550764,2550764,3090,12318444,3651,98321429,59,4040,278,24501,0,1798057,0,177,4415,21,241,133,57531,3325,2952,118381,57,154913,108028,61,24771,14574262
1702064231.001719,600019,17901504,0,pscratch,pscratch-ffffa00daa186800,0,0,3430440811073,16533487292982,0,0,343778,1093032,1093029,54356,165058135,165584,238347261,19756,19151,2023,265629,0,2061498,0,0,16749,3600,1581,618,78286,757,9200,113638,23,374726,339284,24,267628,17669539
1702064232.002073,600019,17901504,0,nscratch,nscratch-ffffa01dbba49800,0,0,677260104447,403722356085,0,0,87232,2550796,2550796,3090,12318444,3651,98321429,59,4040,278,24501,0,1798057,0,177,4415,21,241,133,57531,3325,2952,118397,57,154913,108028,61,24771,14574422
1702064232.002156,600019,17901504,0,pscratch,pscratch-ffffa00daa186800,0,0,3430442236310,16533500432079,0,0,343778,1093035,1093032,54356,165058135,165584,238347264,19756,19151,2023,265629,0,2061500,0,0,16749,3600,1581,618,78288,757,9200,113640,23,374726,339284,24,267628,17669553
1702064233.001470,600019,17901504,0,nscratch,nscratch-ffffa01dbba49800,0,0,677260104447,403722356085,0,0,87232,2550796,2550796,3090,12318444,3651,98321429,59,4040,278,24501,0,1798057,0,177,4415,21,241,133,57531,3325,2952,118397,57,154913,108028,61,24771,14574422
1702064233.001539,600019,17901504,0,pscratch,pscratch-ffffa00daa186800,0,0,3430442270319,16533501728018,0,0,343778,1093036,1093035,54356,165058135,165584,238347266,19756,19151,2023,265629,0,2061501,0,0,16749,3600,1581,618,78288,757,9200,113640,23,374726,339284,24,267628,17669557
1702064234.001475,600019,17901504,0,nscratch,nscratch-ffffa01dbba49800,0,0,677260104447,403722356085,0,0,87232,2550796,2550796,3090,12318444,3651,98321429,59,4040,278,24501,0,1798057,0,177,4415,21,241,133,57531,3325,2952,118397,57,154913,108028,61,24771,14574422
1702064234.001647,600019,17901504,0,pscratch,pscratch-ffffa00daa186800,0,0,3430442270319,16533501728018,0,0,343778,1093036,1093035,54356,165058135,165584,238347266,19756,19151,2023,265629,0,2061501,0,0,16749,3600,1581,618,78288,757,9200,113640,23,374726,339284,24,267628,17669557
1702064235.002079,600019,17901504,0,nscratch,nscratch-ffffa01dbba49800,0,0,677260104447,403722356085,0,0,87232,2550796,2550796,3090,12318444,3651,98321429,59,4040,278,24501,0,1798057,0,177,4415,21,241,133,57531,3325,2952,118397,57,154913,108028,61,24771,14574422
1702064235.002170,600019,17901504,0,pscratch,pscratch-ffffa00daa186800,0,0,3430442270319,16533501728018,0,0,343778,1093036,1093035,54356,165058135,165584,238347266,19756,19151,2023,265629,0,2061501,0,0,16749,3600,1581,618,78288,757,9200,113640,23,374726,339284,24,267628,17669557
1702064236.001587,600019,17901504,0,nscratch,nscratch-ffffa01dbba49800,0,0,677260104447,403722356085,0,0,87232,2550796,2550796,3090,12318444,3651,98321429,59,4040,278,24501,0,1798057,0,177,4415,21,241,133,57531,3325,2952,118397,57,154913,108028,61,24771,14574422
1702064236.001671,600019,17901504,0,pscratch,pscratch-ffffa00daa186800,0,0,3430442270319,16533501728018,0,0,343778,1093036,1093035,54356,165058135,165584,238347266,19756,19151,2023,265629,0,2061501,0,0,16749,3600,1581,618,78288,757,9200,113640,23,374726,339284,24,267628,17669557
1702064237.001845,600019,17901504,0,nscratch,nscratch-ffffa01dbba49800,0,0,677260104447,403722356085,0,0,87232,2550796,2550796,3090,12318444,3651,98321429,59,4040,278,24501,0,1798057,0,177,4415,21,241,133,57531,3325,2952,118397,57,154913,108028,61,24771,14574422
1702064237.001930,600019,17901504,0,pscratch,pscratch-ffffa00daa186800,0,0,3430442270319,16533501728018,0,0,343778,1093036,1093035,54356,165058135,165584,238347266,19756,19151,2023,265629,0,2061501,0,0,16749,3600,1581,618,78288,757,9200,113640,23,374726,339284,24,267628,17669557
1702064238.001589,600019,17901504,0,nscratch,nscratch-ffffa01dbba49800,0,0,677260104447,403722356085,0,0,87232,2550796,2550796,3090,12318444,3651,98321429,59,4040,278,24501,0,1798057,0,177,4415,21,241,133,57531,3325,2952,118397,57,154913,108028,61,24771,14574422
1702064238.001667,600019,17901504,0,pscratch,pscratch-ffffa00daa186800,0,0,3430442270319,16533501728018,0,0,343778,1093036,1093035,54356,165058135,165584,238347266,19756,19151,2023,265629,0,2061501,0,0,16749,3600,1581,618,78288,757,9200,113640,23,374726,339284,24,267628,17669557
1702064239.002087,600019,17901504,0,nscratch,nscratch-ffffa01dbba49800,0,0,677260104447,403722356085,0,0,87232,2550796,2550796,3090,12318444,3651,98321429,59,4040,278,24501,0,1798057,0,177,4415,21,241,133,57531,3325,2952,118397,57,154913,108028,61,24771,14574422
1702064239.002163,600019,17901504,0,pscratch,pscratch-ffffa00daa186800,0,0,3430442270319,16533501728018,0,0,343778,1093036,1093035,54356,165058135,165584,238347266,19756,19151,2023,265629,0,2061501,0,0,16749,3600,1581,618,78288,757,9200,113640,23,374726,339284,24,267628,17669557
1702064240.001436,600019,17901504,0,nscratch,nscratch-ffffa01dbba49800,0,0,677260104447,403722356085,0,0,87232,2550796,2550796,3090,12318444,3651,98321429,59,4040,278,24501,0,1798057,0,177,4415,21,241,133,57531,3325,2952,118397,57,154913,108028,61,24771,14574422
1702064240.001521,600019,17901504,0,pscratch,pscratch-ffffa00daa186800,0,0,3430442270319,16533501728018,0,0,343778,1093036,1093035,54356,165058135,165584,238347266,19756,19151,2023,265629,0,2061501,0,0,16749,3600,1581,618,78288,757,9200,113640,23,374726,339284,24,267628,17669557
1702064241.001999,600019,17901504,0,nscratch,nscratch-ffffa01dbba49800,0,0,677260104447,403722356085,0,0,87232,2550796,2550796,3090,12318444,3651,98321429,59,4040,278,24501,0,1798057,0,177,4415,21,241,133,57531,3325,2952,118397,57,154913,108028,61,24771,14574422
1702064241.002108,600019,17901504,0,pscratch,pscratch-ffffa00daa186800,0,0,3430442270319,16533501728018,0,0,343778,1093036,1093035,54356,165058135,165584,238347266,19756,19151,2023,265629,0,2061501,0,0,16749,3600,1581,618,78288,757,9200,113640,23,374726,339284,24,267628,17669557
1702064242.001713,600019,17901504,0,nscratch,nscratch-ffffa01dbba49800,0,0,677260104447,403722356085,0,0,87232,2550796,2550796,3090,12318444,3651,98321429,59,4040,278,24501,0,1798057,0,177,4415,21,241,133,57531,3325,2952,118397,57,154913,108028,61,24771,14574422
1702064242.001787,600019,17901504,0,pscratch,pscratch-ffffa00daa186800,0,0,3430442270319,16533501728018,0,0,343778,1093036,1093035,54356,165058135,165584,238347266,19756,19151,2023,265629,0,2061501,0,0,16749,3600,1581,618,78288,757,9200,113640,23,374726,339284,24,267628,17669557
1702064243.001980,600019,17901504,0,nscratch,nscratch-ffffa01dbba49800,0,0,677260104447,403722356085,0,0,87232,2550796,2550796,3090,12318444,3651,98321429,59,4040,278,24501,0,1798057,0,177,4415,21,241,133,57531,3325,2952,118397,57,154913,108028,61,24771,14574422
1702064243.002084,600019,17901504,0,pscratch,pscratch-ffffa00daa186800,0,0,3430442270319,16533501728018,0,0,343780,1093036,1093036,54356,165058135,165584,238347266,19756,19151,2023,265629,0,2061501,0,0,16749,3600,1581,618,78288,757,9200,113640,23,374726,339284,24,267628,17669557
1702064244.000615,600019,17901504,0,nscratch,nscratch-ffffa01dbba49800,0,0,677260104447,403722356085,0,0,87232,2550796,2550796,3090,12318444,3651,98321429,59,4040,278,24501,0,1798057,0,177,4415,21,241,133,57531,3325,2952,118397,57,154913,108028,61,24771,14574422
1702064244.000718,600019,17901504,0,pscratch,pscratch-ffffa00daa186800,0,0,3430442270319,16533501728018,0,0,343780,1093036,1093036,54356,165058135,165584,238347266,19756,19151,2023,265629,0,2061501,0,0,16749,3600,1581,618,78288,757,9200,113640,23,374726,339284,24,267628,17669557
1702064245.001687,600019,17901504,0,nscratch,nscratch-ffffa01dbba49800,0,0,677260104447,403722356085,0,0,87232,2550796,2550796,3090,12318444,3651,98321429,59,4040,278,24501,0,1798057,0,177,4415,21,241,133,57531,3325,2952,118397,57,154913,108028,61,24771,14574422
1702064245.001818,600019,17901504,0,pscratch,pscratch-ffffa00daa186800,0,0,3430442270319,16533501728018,0,0,343780,1093036,1093036,54356,165058135,165584,238347266,19756,19151,2023,265629,0,2061501,0,0,16749,3600,1581,618,78288,757,9200,113640,23,374726,339284,24,267628,17669557
1702064246.001478,600019,17901504,0,nscratch,nscratch-ffffa01dbba49800,0,0,677260104447,403722356085,0,0,87232,2550796,2550796,3090,12318444,3651,98321429,59,4040,278,24501,0,1798057,0,177,4415,21,241,133,57531,3325,2952,118397,57,154913,108028,61,24771,14574422
1702064246.001604,600019,17901504,0,pscratch,pscratch-ffffa00daa186800,0,0,3430442270319,16533501728018,0,0,343780,1093036,1093036,54356,165058135,165584,238347266,19756,19151,2023,265629,0,2061501,0,0,16749,3600,1581,618,78288,757,9200,113640,23,374726,339284,24,267628,17669557
1702064247.001656,600019,17901504,0,nscratch,nscratch-ffffa01dbba49800,0,0,677260104447,403722356085,0,0,87232,2550796,2550796,3090,12318444,3651,98321429,59,4040,278,24501,0,1798057,0,177,4415,21,241,133,57531,3325,2952,118397,57,154913,108028,61,24771,14574422
1702064247.001752,600019,17901504,0,pscratch,pscratch-ffffa00daa186800,0,0,3430442270319,16533501728018,0,0,343780,1093036,1093036,54356,165058135,165584,238347266,19756,19151,2023,265629,0,2061501,0,0,16749,3600,1581,618,78288,757,9200,113640,23,374726,339284,24,267628,17669557
1702064248.001721,600019,17901504,0,nscratch,nscratch-ffffa01dbba49800,0,0,677260104447,403722356085,0,0,87232,2550796,2550796,3090,12318444,3651,98321429,59,4040,278,24501,0,1798057,0,177,4415,21,241,133,57531,3325,2952,118397,57,154913,108028,61,24771,14574422
1702064248.001850,600019,17901504,0,pscratch,pscratch-ffffa00daa186800,0,0,3430442270319,16533501728018,0,0,343780,1093036,1093036,54356,165058135,165584,238347266,19756,19151,2023,265629,0,2061501,0,0,16749,3600,1581,618,78288,757,9200,113640,23,374726,339284,24,267628,17669557
1702064249.001523,600019,17901504,0,nscratch,nscratch-ffffa01dbba49800,0,0,677260104447,403722356085,0,0,87232,2550796,2550796,3090,12318444,3651,98321429,59,4040,278,24501,0,1798057,0,177,4415,21,241,133,57531,3325,2952,118397,57,154913,108028,61,24771,14574422
1702064249.001697,600019,17901504,0,pscratch,pscratch-ffffa00daa186800,0,0,3430442270319,16533501728018,0,0,343780,1093036,1093036,54356,165058135,165584,238347266,19756,19151,2023,265629,0,2061501,0,0,16749,3600,1581,618,78288,757,9200,113640,23,374726,339284,24,267628,17669557
1702064250.001648,600019,17901504,0,nscratch,nscratch-ffffa01dbba49800,0,0,677260104447,403722356085,0,0,87232,2550796,2550796,3090,12318444,3651,98321429,59,4040,278,24501,0,1798057,0,177,4415,21,241,133,57531,3325,2952,118397,57,154913,108028,61,24771,14574422
1702064250.001751,600019,17901504,0,pscratch,pscratch-ffffa00daa186800,0,0,3430442270319,16533501728018,0,0,343780,1093036,1093036,54356,165058135,165584,238347266,19756,19151,2023,265629,0,2061501,0,0,16749,3600,1581,618,78288,757,9200,113640,23,374726,339284,24,267628,17669557
