timestamp,component_id,job_id,app_id,rchar,wchar,syscr,syscw,read_bytes,write_bytes,cancelled_write_bytes,pid,ppid,minflt,cminflt,majflt,cmajflt,utime,stime,cutime,cstime,priority,nice,num_threads,vsize,rss,rsslim,signal,processor,rt_priority,policy,delayacct_blkio_ticks,VmSize,VmRSS,share_pages,text_pages,lib_pages,data_pages,dirty_pages,fd_count,fd_max,fd_socket,fd_dev,fd_anon_inode,fd_pipe,fd_path
1743619140.005297,600855,21068467,0,204138960,1022987,839387,839387,0,0,0,5494,1,4393,0,0,0,751,1512,0,0,20,0,26,1982861312,3738,18446744073709551,0,54,0,0,0,484097,3738,1696,66,0,84620,0,421,421,22,2,383,8,6
1743619200.003524,600855,21068467,0,230040324,1042187,938598,938598,0,0,0,5494,1,4417,0,0,0,843,1617,0,0,20,0,26,1982861312,3738,18446744073709551,0,54,0,0,0,484097,3738,1696,66,0,84620,0,422,422,22,2,383,8,7
1743619260.003923,600855,21068467,0,250024930,1061387,1014648,1014648,0,0,0,5494,1,5222,0,0,0,914,1700,0,0,20,0,26,1982861312,3764,18446744073709551,0,54,0,0,0,484097,3764,1696,66,0,84620,0,422,421,22,2,383,8,6
1743619320.004230,600855,21068467,0,257783428,1080587,1044430,1044430,0,0,0,5494,1,5329,0,0,0,942,1735,0,0,20,0,26,1982861312,3764,18446744073709551,0,54,0,0,0,484097,3764,1696,66,0,84620,0,423,422,22,2,383,8,6
1743619380.002662,600855,21068467,0,259383099,1099787,1051209,1051209,0,0,0,5494,1,5331,0,0,0,944,1749,0,0,20,0,26,1982861312,3764,18446744073709551,0,54,0,0,0,484097,3764,1696,66,0,84620,0,421,420,22,2,383,8,6
1743619440.003020,600855,21068467,0,260996155,1118987,1058028,1058028,0,0,0,5494,1,5331,0,0,0,947,1763,0,0,20,0,26,1982861312,3764,18446744073709551,0,54,0,0,0,484097,3764,1696,66,0,84620,0,422,421,22,2,383,8,7
1743619500.003447,600855,21068467,0,262618277,1138187,1064835,1064835,0,0,0,5494,1,5331,0,0,0,951,1776,0,0,20,0,26,1982861312,3764,18446744073709551,0,54,0,0,0,484097,3764,1696,66,0,84620,0,422,422,22,2,383,8,6
1743619560.004425,600855,21068467,0,264232338,1157387,1071653,1071653,0,0,0,5494,1,5432,0,0,0,955,1789,0,0,20,0,26,1982861312,3764,18446744073709551,0,54,0,0,0,484097,3764,1696,66,0,84620,0,422,421,22,2,383,8,6
1743619620.002915,600855,21068467,0,265824938,1176587,1078404,1078404,0,0,0,5494,1,5458,0,0,0,959,1802,0,0,20,0,26,1982861312,3764,18446744073709551,0,54,0,0,0,484097,3764,1696,66,0,84620,0,421,420,22,2,383,8,6
1743619680.002732,600855,21068467,0,267444749,1195787,1085216,1085216,0,0,0,5494,1,5458,0,0,0,962,1816,0,0,20,0,26,1982861312,3764,18446744073709551,0,54,0,0,0,484097,3764,1696,66,0,84620,0,422,421,22,2,383,8,6
