timestamp,component_id,job_id,app_id,rchar,wchar,syscr,syscw,read_bytes,write_bytes,cancelled_write_bytes,pid,ppid,minflt,cminflt,majflt,cmajflt,utime,stime,cutime,cstime,priority,nice,num_threads,vsize,rss,rsslim,signal,processor,rt_priority,policy,delayacct_blkio_ticks,VmSize,VmRSS,share_pages,text_pages,lib_pages,data_pages,dirty_pages,fd_count,fd_max,fd_socket,fd_dev,fd_anon_inode,fd_pipe,fd_path
1694922900.003037,600013,17209771,0,76271041179,1000854371,378439938,378439938,2310144,0,0,74561,1,37370288,0,20,0,233438,1052300,0,0,20,0,44,3256090624,2582,18446744073709551,0,1,0,0,2,794944,2582,865,60,0,760510,0,424,455,6,2,401,8,7
1694922900.003582,600005,17209771,0,2236566719,38194416,13428358,13428358,3928064,0,0,14473,1,1416847,0,10,0,6439,36836,0,0,20,0,39,2878586880,2378,18446744073709551,0,48,0,0,3,702780,2378,860,60,0,668346,0,418,445,5,2,396,8,7
1694922900.003660,600018,17209771,0,78150150152,1001264830,376559470,376559470,4374528,0,0,7224,1,37327766,0,24,0,236723,1038059,0,0,20,0,44,3256016896,2486,18446744073709551,0,1,0,0,2,794926,2486,801,60,0,760492,0,424,455,6,2,401,8,6
1694922900.003675,600007,17209771,0,2073194977,38219082,13423887,13423887,3928064,0,0,14460,1,1420001,0,10,0,5749,35297,0,0,20,0,29,2123567104,2150,18446744073709551,0,2,0,0,3,518449,2150,864,60,0,484015,0,408,422,5,2,386,8,6
1694922900.003704,600017,17209771,0,2292568471,38136731,13693269,13693269,3928064,0,0,14460,1,1416088,0,10,0,6340,36948,0,0,20,0,34,2501005312,2762,18446744073709551,0,6,0,0,4,610598,2762,860,60,0,576164,0,413,435,5,2,391,8,7
1694922900.003731,600012,17209771,0,75905743651,1000656812,377770057,377770057,467386368,0,0,132126,1,37377332,0,2412,0,234693,1045611,0,0,20,0,44,3256016896,1962,18446744073709551,0,36,0,0,2,794926,1962,252,60,0,760492,0,424,456,6,2,401,8,7
1694922900.003902,600004,17209771,0,76108035423,1000380314,378441457,378441457,554053632,0,0,243298,1,37363304,0,3109,0,235520,1053220,0,0,20,0,44,3256094720,2004,18446744073709551,0,46,0,0,24173,794945,2004,242,60,0,760511,0,424,455,6,2,401,8,6
1694922900.004064,600016,17209771,0,73565198566,1000952512,373649269,373649269,4292608,0,0,245725,1,37348942,0,23,0,224986,1038086,0,0,20,0,44,3256016896,2546,18446744073709551,0,5,0,0,2,794926,2546,864,60,0,760492,0,424,455,6,2,401,8,6
1694922900.004242,600003,17209771,0,2250958471,38225088,13345105,13345105,3989504,0,0,14452,1,1417577,0,11,0,6748,38092,0,0,20,0,43,3180519424,2484,18446744073709551,0,2,0,0,4,776493,2484,862,60,0,742059,0,422,453,5,2,400,8,7
1694922900.004344,600008,17209771,0,2294118299,38246980,14235665,14235665,3928064,0,0,14480,1,1430916,0,10,0,7333,39053,0,0,20,0,43,3180593152,2483,18446744073709551,0,9,0,0,3,776512,2483,864,60,0,742078,0,422,453,5,2,400,8,6
1694922900.004431,600006,17209771,0,78158697106,1000105566,377372614,377372614,221237248,0,0,236689,1,37282626,0,1227,0,243268,1058447,0,0,20,0,44,3256020992,2025,18446744073709551,0,52,0,0,70592,794927,2025,270,60,0,760493,0,424,455,6,2,401,8,7
1694922900.004456,600011,17209771,0,75005674358,1000800221,379125020,379125020,152915968,0,0,247672,1,37369219,0,877,0,233464,1044285,0,0,20,0,44,3256094720,2004,18446744073709551,0,12,0,0,2,794945,2004,271,60,0,760511,0,424,455,6,2,401,8,7
1694922900.004672,600010,17209771,0,10710544615,155808719,57328010,57328010,3928064,0,0,14935,1,5801838,0,10,0,33446,161135,0,0,20,0,44,3256094720,2525,18446744073709551,0,48,0,0,3,794944,2525,865,60,0,760510,0,423,455,5,2,401,8,6
1694922900.004993,600014,17209771,0,74425873689,1000650690,379611783,379611783,2875392,0,0,103976,1,37333574,0,21,0,232466,1046511,0,0,20,0,44,3256016896,2559,18446744073709551,0,46,0,0,2,794927,2559,865,60,0,760493,0,423,455,6,2,401,8,6
1694922900.005099,600009,17209771,0,2515440816,38274993,15822071,15822071,3928064,0,0,14460,1,1439267,0,10,0,9308,41401,0,0,20,0,42,3105017856,2462,18446744073709551,0,11,0,0,3,758061,2462,864,60,0,723627,0,420,451,5,2,399,8,6
1694922900.005107,600015,17209771,0,74342891436,1000719369,372060923,372060923,29769728,0,0,28251,1,37244155,0,180,0,221242,1029695,0,0,20,0,44,3256016896,1947,18446744073709551,0,19,0,0,12,794926,1947,231,60,0,760492,0,424,455,7,2,401,8,6
