module,uid,ProducerName,switches,file,rank,flushes,record_id,exe,max_byte,type,job_id,op,cnt,schema,off,pt_sel,dur,len,ndims,reg_hslab,irreg_hslab,npoints,timestamp,total,start
STDIO,1000,ip-172-31-89-93,-1,<STDIN>,0,-1,9223372036854775807,/home/ubuntu/ior/src/ior,-1,MET,4538,open,1,darshan_data,-1,-1,0.000000,-1,-1,-1,-1,-1,1718734983.129419,0.000000,0.000000
STDIO,1000,ip-172-31-89-93,-1,<STDOUT>,0,-1,9223372036854775807,/home/ubuntu/ior/src/ior,-1,MET,4538,open,1,darshan_data,-1,-1,0.000000,-1,-1,-1,-1,-1,1718734983.129419,0.000000,0.000000
STDIO,1000,ip-172-31-89-93,-1,<STDERR>,0,-1,7238257241479193519,/home/ubuntu/ior/src/ior,-1,MET,4538,open,1,darshan_data,-1,-1,0.000000,-1,-1,-1,-1,-1,1718734983.129419,0.000000,0.000000
STDIO,1000,ip-172-31-89-93,-1,N/A,0,0,9223372036854775807,N/A,51,MOD,4538,write,1,N/A,0,-1,0.003083,52,-1,-1,-1,-1,1718734983.141332,0.003083,0.008830
STDIO,1000,ip-172-31-89-93,-1,N/A,0,0,9223372036854775807,N/A,75,MOD,4538,write,2,N/A,52,-1,0.000001,24,-1,-1,-1,-1,1718734983.141541,0.003083,0.012122
STDIO,1000,ip-172-31-89-93,-1,N/A,0,0,9223372036854775807,N/A,76,MOD,4538,write,3,N/A,76,-1,0.000002,1,-1,-1,-1,-1,1718734983.141560,0.003085,0.012139
STDIO,1000,ip-172-31-89-93,-1,N/A,0,0,9223372036854775807,N/A,77,MOD,4538,write,4,N/A,77,-1,0.000002,1,-1,-1,-1,-1,1718734983.141576,0.003087,0.012155
STDIO,1000,ip-172-31-89-93,-1,N/A,0,1,9223372036854775807,N/A,77,MOD,4538,write,4,N/A,78,-1,0.000001,0,-1,-1,-1,-1,1718734983.141589,0.003088,0.012170
STDIO,1000,ip-172-31-89-93,-1,N/A,0,2,9223372036854775807,N/A,77,MOD,4538,write,4,N/A,78,-1,0.000000,0,-1,-1,-1,-1,1718734983.141602,0.003088,0.012182
STDIO,1000,ip-172-31-89-93,-1,N/A,0,3,9223372036854775807,N/A,77,MOD,4538,write,4,N/A,78,-1,0.000000,0,-1,-1,-1,-1,1718734983.141655,0.003089,0.012235
STDIO,1000,ip-172-31-89-93,-1,N/A,0,4,9223372036854775807,N/A,77,MOD,4538,write,4,N/A,78,-1,0.000000,0,-1,-1,-1,-1,1718734983.141673,0.003089,0.012253
STDIO,1000,ip-172-31-89-93,-1,N/A,0,5,9223372036854775807,N/A,77,MOD,4538,write,4,N/A,78,-1,0.000001,0,-1,-1,-1,-1,1718734983.141716,0.003090,0.012297
STDIO,1000,ip-172-31-89-93,-1,N/A,0,6,9223372036854775807,N/A,77,MOD,4538,write,4,N/A,78,-1,0.000001,0,-1,-1,-1,-1,1718734983.154589,0.003091,0.025169
STDIO,1000,ip-172-31-89-93,-1,N/A,0,6,9223372036854775807,N/A,78,MOD,4538,write,5,N/A,78,-1,0.000002,1,-1,-1,-1,-1,1718734983.154626,0.003093,0.025205
STDIO,1000,ip-172-31-89-93,-1,N/A,0,6,9223372036854775807,N/A,193,MOD,4538,write,6,N/A,79,-1,0.000003,115,-1,-1,-1,-1,1718734983.154643,0.003096,0.025221
STDIO,1000,ip-172-31-89-93,-1,N/A,0,6,9223372036854775807,N/A,308,MOD,4538,write,7,N/A,194,-1,0.000002,115,-1,-1,-1,-1,1718734983.154657,0.003098,0.025236
POSIX,1000,ip-172-31-89-93,-1,/home/ubuntu/testFile.00000000,0,-1,9223372036854775807,/home/ubuntu/ior/src/ior,-1,MET,4538,open,1,darshan_data,-1,-1,0.000034,-1,-1,-1,-1,-1,1718734983.377267,0.000034,0.247814
POSIX,1000,ip-172-31-89-93,0,N/A,0,-1,9223372036854775807,N/A,4194303,MOD,4538,write,1,N/A,0,-1,0.006419,4194304,-1,-1,-1,-1,1718734983.385543,0.006419,0.249705
POSIX,1000,ip-172-31-89-93,0,N/A,0,-1,9223372036854775807,N/A,8388607,MOD,4538,write,2,N/A,4194304,-1,0.004450,4194304,-1,-1,-1,-1,1718734983.393002,0.010869,0.259132
POSIX,1000,ip-172-31-89-93,0,N/A,0,-1,9223372036854775807,N/A,12582911,MOD,4538,write,3,N/A,8388608,-1,0.007101,4194304,-1,-1,-1,-1,1718734983.401560,0.017970,0.265039
POSIX,1000,ip-172-31-89-93,0,N/A,0,-1,9223372036854775807,N/A,16777215,MOD,4538,write,4,N/A,12582912,-1,0.003135,4194304,-1,-1,-1,-1,1718734983.404959,0.021106,0.272405
POSIX,1000,ip-172-31-89-93,0,N/A,0,-1,9223372036854775807,N/A,20971519,MOD,4538,write,5,N/A,16777216,-1,0.004340,4194304,-1,-1,-1,-1,1718734983.413848,0.025445,0.280090
POSIX,1000,ip-172-31-89-93,0,N/A,0,-1,9223372036854775807,N/A,25165823,MOD,4538,write,6,N/A,20971520,-1,0.004992,4194304,-1,-1,-1,-1,1718734983.421528,0.030437,0.287117
POSIX,1000,ip-172-31-89-93,0,N/A,0,-1,9223372036854775807,N/A,29360127,MOD,4538,write,7,N/A,25165824,-1,0.006818,4194304,-1,-1,-1,-1,1718734983.428840,0.037255,0.292603
POSIX,1000,ip-172-31-89-93,0,N/A,0,-1,9223372036854775807,N/A,33554431,MOD,4538,write,8,N/A,29360128,-1,0.005255,4194304,-1,-1,-1,-1,1718734983.434637,0.042510,0.299963
POSIX,1000,ip-172-31-89-93,0,N/A,0,-1,9223372036854775807,N/A,37748735,MOD,4538,write,9,N/A,33554432,-1,0.003174,4194304,-1,-1,-1,-1,1718734983.438012,0.045684,0.305418
POSIX,1000,ip-172-31-89-93,0,N/A,0,-1,9223372036854775807,N/A,41943039,MOD,4538,write,10,N/A,37748736,-1,0.008333,4194304,-1,-1,-1,-1,1718734983.452818,0.054018,0.315066
POSIX,1000,ip-172-31-89-93,0,N/A,0,-1,9223372036854775807,N/A,46137343,MOD,4538,write,11,N/A,41943040,-1,0.007397,4194304,-1,-1,-1,-1,1718734983.461700,0.061415,0.324884
POSIX,1000,ip-172-31-89-93,0,N/A,0,-1,9223372036854775807,N/A,50331647,MOD,4538,write,12,N/A,46137344,-1,0.008733,4194304,-1,-1,-1,-1,1718734983.470707,0.070147,0.332555
POSIX,1000,ip-172-31-89-93,0,N/A,0,-1,9223372036854775807,N/A,54525951,MOD,4538,write,13,N/A,50331648,-1,0.007003,4194304,-1,-1,-1,-1,1718734983.479470,0.077151,0.343047
POSIX,1000,ip-172-31-89-93,0,N/A,0,-1,9223372036854775807,N/A,58720255,MOD,4538,write,14,N/A,54525952,-1,0.006521,4194304,-1,-1,-1,-1,1718734983.487209,0.083672,0.351269
POSIX,1000,ip-172-31-89-93,0,N/A,0,-1,9223372036854775807,N/A,62914559,MOD,4538,write,15,N/A,58720256,-1,0.007966,4194304,-1,-1,-1,-1,1718734983.496675,0.091638,0.359290
POSIX,1000,ip-172-31-89-93,0,N/A,0,-1,9223372036854775807,N/A,67108863,MOD,4538,write,16,N/A,62914560,-1,0.011991,4194304,-1,-1,-1,-1,1718734983.508872,0.103629,0.367462
POSIX,1000,ip-172-31-89-93,0,N/A,0,-1,9223372036854775807,N/A,71303167,MOD,4538,write,17,N/A,67108864,-1,0.005243,4194304,-1,-1,-1,-1,1718734983.514395,0.108872,0.379733
POSIX,1000,ip-172-31-89-93,0,N/A,0,-1,9223372036854775807,N/A,75497471,MOD,4538,write,18,N/A,71303168,-1,0.006479,4194304,-1,-1,-1,-1,1718734983.522108,0.115351,0.386210
POSIX,1000,ip-172-31-89-93,0,N/A,0,-1,9223372036854775807,N/A,79691775,MOD,4538,write,19,N/A,75497472,-1,0.009934,4194304,-1,-1,-1,-1,1718734983.532522,0.125285,0.393168
POSIX,1000,ip-172-31-89-93,0,N/A,0,-1,9223372036854775807,N/A,83886079,MOD,4538,write,20,N/A,79691776,-1,0.003131,4194304,-1,-1,-1,-1,1718734983.537638,0.128416,0.405088
POSIX,1000,ip-172-31-89-93,0,N/A,0,-1,9223372036854775807,N/A,88080383,MOD,4538,write,21,N/A,83886080,-1,0.008266,4194304,-1,-1,-1,-1,1718734983.547799,0.136682,0.410114
POSIX,1000,ip-172-31-89-93,0,N/A,0,-1,9223372036854775807,N/A,92274687,MOD,4538,write,22,N/A,88080384,-1,0.008522,4194304,-1,-1,-1,-1,1718734983.559204,0.145204,0.421263
POSIX,1000,ip-172-31-89-93,0,N/A,0,-1,9223372036854775807,N/A,96468991,MOD,4538,write,23,N/A,92274688,-1,0.004272,4194304,-1,-1,-1,-1,1718734983.567816,0.149476,0.434125
POSIX,1000,ip-172-31-89-93,0,N/A,0,-1,9223372036854775807,N/A,100663295,MOD,4538,write,24,N/A,96468992,-1,0.003904,4194304,-1,-1,-1,-1,1718734983.573298,0.153380,0.439975
POSIX,1000,ip-172-31-89-93,0,N/A,0,-1,9223372036854775807,N/A,104857599,MOD,4538,write,25,N/A,100663296,-1,0.005186,4194304,-1,-1,-1,-1,1718734983.582619,0.158566,0.448014
POSIX,1000,ip-172-31-89-93,0,N/A,0,-1,9223372036854775807,N/A,109051903,MOD,4538,write,26,N/A,104857600,-1,0.004346,4194304,-1,-1,-1,-1,1718734983.590026,0.162912,0.456262
POSIX,1000,ip-172-31-89-93,0,N/A,0,-1,9223372036854775807,N/A,113246207,MOD,4538,write,27,N/A,109051904,-1,0.006044,4194304,-1,-1,-1,-1,1718734983.600411,0.168956,0.464948
POSIX,1000,ip-172-31-89-93,0,N/A,0,-1,9223372036854775807,N/A,117440511,MOD,4538,write,28,N/A,113246208,-1,0.007333,4194304,-1,-1,-1,-1,1718734983.608230,0.176289,0.471478
POSIX,1000,ip-172-31-89-93,0,N/A,0,-1,9223372036854775807,N/A,121634815,MOD,4538,write,29,N/A,117440512,-1,0.003214,4194304,-1,-1,-1,-1,1718734983.611681,0.179503,0.479048
POSIX,1000,ip-172-31-89-93,0,N/A,0,-1,9223372036854775807,N/A,125829119,MOD,4538,write,30,N/A,121634816,-1,0.050458,4194304,-1,-1,-1,-1,1718734983.666828,0.229961,0.486951
POSIX,1000,ip-172-31-89-93,0,N/A,0,-1,9223372036854775807,N/A,130023423,MOD,4538,write,31,N/A,125829120,-1,0.119892,4194304,-1,-1,-1,-1,1718734983.787026,0.349853,0.537714
POSIX,1000,ip-172-31-89-93,0,N/A,0,-1,9223372036854775807,N/A,134217727,MOD,4538,write,32,N/A,130023424,-1,0.036487,4194304,-1,-1,-1,-1,1718734983.828094,0.386340,0.662188
POSIX,1000,ip-172-31-89-93,0,N/A,0,-1,9223372036854775807,N/A,138412031,MOD,4538,write,33,N/A,134217728,-1,0.126795,4194304,-1,-1,-1,-1,1718734983.956392,0.513134,0.700178
POSIX,1000,ip-172-31-89-93,0,N/A,0,-1,9223372036854775807,N/A,142606335,MOD,4538,write,34,N/A,138412032,-1,0.145763,4194304,-1,-1,-1,-1,1718734984.103370,0.658897,0.828187
POSIX,1000,ip-172-31-89-93,0,N/A,0,-1,9223372036854775807,N/A,146800639,MOD,4538,write,35,N/A,142606336,-1,0.145484,4194304,-1,-1,-1,-1,1718734984.249101,0.804381,0.974198
POSIX,1000,ip-172-31-89-93,0,N/A,0,-1,9223372036854775807,N/A,150994943,MOD,4538,write,36,N/A,146800640,-1,0.111992,4194304,-1,-1,-1,-1,1718734984.361532,0.916373,1.120121
POSIX,1000,ip-172-31-89-93,0,N/A,0,-1,9223372036854775807,N/A,155189247,MOD,4538,write,37,N/A,150994944,-1,0.123510,4194304,-1,-1,-1,-1,1718734984.488086,1.039883,1.235157
POSIX,1000,ip-172-31-89-93,0,N/A,0,-1,9223372036854775807,N/A,159383551,MOD,4538,write,38,N/A,155189248,-1,0.126046,4194304,-1,-1,-1,-1,1718734984.617480,1.165929,1.362015
POSIX,1000,ip-172-31-89-93,0,N/A,0,-1,9223372036854775807,N/A,163577855,MOD,4538,write,39,N/A,159383552,-1,0.136472,4194304,-1,-1,-1,-1,1718734984.754346,1.302401,1.488456
POSIX,1000,ip-172-31-89-93,0,N/A,0,-1,9223372036854775807,N/A,167772159,MOD,4538,write,40,N/A,163577856,-1,0.135078,4194304,-1,-1,-1,-1,1718734984.892433,1.437479,1.627936
POSIX,1000,ip-172-31-89-93,0,N/A,0,-1,9223372036854775807,N/A,171966463,MOD,4538,write,41,N/A,167772160,-1,0.161936,4194304,-1,-1,-1,-1,1718734985.054664,1.599415,1.763309
POSIX,1000,ip-172-31-89-93,0,N/A,0,-1,9223372036854775807,N/A,176160767,MOD,4538,write,42,N/A,171966464,-1,0.142647,4194304,-1,-1,-1,-1,1718734985.197559,1.742063,1.925492
POSIX,1000,ip-172-31-89-93,0,N/A,0,-1,9223372036854775807,N/A,180355071,MOD,4538,write,43,N/A,176160768,-1,0.150555,4194304,-1,-1,-1,-1,1718734985.348357,1.892617,2.068383
POSIX,1000,ip-172-31-89-93,0,N/A,0,-1,9223372036854775807,N/A,184549375,MOD,4538,write,44,N/A,180355072,-1,0.151041,4194304,-1,-1,-1,-1,1718734985.502432,2.043658,2.221972
POSIX,1000,ip-172-31-89-93,0,N/A,0,-1,9223372036854775807,N/A,188743679,MOD,4538,write,45,N/A,184549376,-1,0.178094,4194304,-1,-1,-1,-1,1718734985.682598,2.221753,2.375085
POSIX,1000,ip-172-31-89-93,0,N/A,0,-1,9223372036854775807,N/A,192937983,MOD,4538,write,46,N/A,188743680,-1,0.170139,4194304,-1,-1,-1,-1,1718734985.854650,2.391892,2.555091
POSIX,1000,ip-172-31-89-93,0,N/A,0,-1,9223372036854775807,N/A,197132287,MOD,4538,write,47,N/A,192937984,-1,0.156456,4194304,-1,-1,-1,-1,1718734986.011360,2.548348,2.725485
POSIX,1000,ip-172-31-89-93,0,N/A,0,-1,9223372036854775807,N/A,201326591,MOD,4538,write,48,N/A,197132288,-1,0.164949,4194304,-1,-1,-1,-1,1718734986.177463,2.713297,2.883095
POSIX,1000,ip-172-31-89-93,0,N/A,0,-1,9223372036854775807,N/A,205520895,MOD,4538,write,49,N/A,201326592,-1,0.174551,4194304,-1,-1,-1,-1,1718734986.352404,2.887849,3.048433
POSIX,1000,ip-172-31-89-93,0,N/A,0,-1,9223372036854775807,N/A,209715199,MOD,4538,write,50,N/A,205520896,-1,0.159940,4194304,-1,-1,-1,-1,1718734986.524381,3.047789,3.235022
POSIX,1000,ip-172-31-89-93,0,N/A,0,-1,9223372036854775807,N/A,213909503,MOD,4538,write,51,N/A,209715200,-1,0.179664,4194304,-1,-1,-1,-1,1718734986.704362,3.227452,3.395279
POSIX,1000,ip-172-31-89-93,0,N/A,0,-1,9223372036854775807,N/A,218103807,MOD,4538,write,52,N/A,213909504,-1,0.172070,4194304,-1,-1,-1,-1,1718734986.880429,3.399523,3.578940
POSIX,1000,ip-172-31-89-93,0,N/A,0,-1,9223372036854775807,N/A,222298111,MOD,4538,write,53,N/A,218103808,-1,0.183540,4194304,-1,-1,-1,-1,1718734987.064404,3.583063,3.751444
POSIX,1000,ip-172-31-89-93,0,N/A,0,-1,9223372036854775807,N/A,226492415,MOD,4538,write,54,N/A,222298112,-1,0.203784,4194304,-1,-1,-1,-1,1718734987.272377,3.786847,3.939174
POSIX,1000,ip-172-31-89-93,0,N/A,0,-1,9223372036854775807,N/A,230686719,MOD,4538,write,55,N/A,226492416,-1,0.204502,4194304,-1,-1,-1,-1,1718734987.479353,3.991349,4.145432
POSIX,1000,ip-172-31-89-93,0,N/A,0,-1,9223372036854775807,N/A,234881023,MOD,4538,write,56,N/A,230686720,-1,0.195614,4194304,-1,-1,-1,-1,1718734987.677433,4.186962,4.352400
POSIX,1000,ip-172-31-89-93,0,N/A,0,-1,9223372036854775807,N/A,239075327,MOD,4538,write,57,N/A,234881024,-1,0.210714,4194304,-1,-1,-1,-1,1718734987.888403,4.397676,4.548270
POSIX,1000,ip-172-31-89-93,0,N/A,0,-1,9223372036854775807,N/A,243269631,MOD,4538,write,58,N/A,239075328,-1,0.235771,4194304,-1,-1,-1,-1,1718734988.125381,4.633446,4.760191
POSIX,1000,ip-172-31-89-93,0,N/A,0,-1,9223372036854775807,N/A,247463935,MOD,4538,write,59,N/A,243269632,-1,0.213713,4194304,-1,-1,-1,-1,1718734988.339356,4.847159,4.996224
POSIX,1000,ip-172-31-89-93,0,N/A,0,-1,9223372036854775807,N/A,251658239,MOD,4538,write,60,N/A,247463936,-1,0.201237,4194304,-1,-1,-1,-1,1718734988.545703,5.048396,5.215047
POSIX,1000,ip-172-31-89-93,0,N/A,0,-1,9223372036854775807,N/A,255852543,MOD,4538,write,61,N/A,251658240,-1,0.204407,4194304,-1,-1,-1,-1,1718734988.750408,5.252803,5.416582
POSIX,1000,ip-172-31-89-93,0,N/A,0,-1,9223372036854775807,N/A,260046847,MOD,4538,write,62,N/A,255852544,-1,0.222002,4194304,-1,-1,-1,-1,1718734988.975382,5.474805,5.623960
POSIX,1000,ip-172-31-89-93,0,N/A,0,-1,9223372036854775807,N/A,264241151,MOD,4538,write,63,N/A,260046848,-1,0.204963,4194304,-1,-1,-1,-1,1718734989.184358,5.679769,5.849976
POSIX,1000,ip-172-31-89-93,0,N/A,0,-1,9223372036854775807,N/A,268435455,MOD,4538,write,64,N/A,264241152,-1,0.193000,4194304,-1,-1,-1,-1,1718734989.382440,5.872768,6.060021
POSIX,1000,ip-172-31-89-93,0,N/A,0,-1,9223372036854775807,N/A,272629759,MOD,4538,write,65,N/A,268435456,-1,0.209359,4194304,-1,-1,-1,-1,1718734989.595736,6.082127,6.256958
POSIX,1000,ip-172-31-89-93,0,N/A,0,-1,9223372036854775807,N/A,276824063,MOD,4538,write,66,N/A,272629760,-1,0.250802,4194304,-1,-1,-1,-1,1718734989.848397,6.332929,6.468176
POSIX,1000,ip-172-31-89-93,0,N/A,0,-1,9223372036854775807,N/A,281018367,MOD,4538,write,67,N/A,276824064,-1,0.236343,4194304,-1,-1,-1,-1,1718734990.087971,6.569273,6.722209
POSIX,1000,ip-172-31-89-93,0,N/A,0,-1,9223372036854775807,N/A,285212671,MOD,4538,write,68,N/A,281018368,-1,0.222323,4194304,-1,-1,-1,-1,1718734990.310531,6.791596,6.958789
POSIX,1000,ip-172-31-89-93,0,N/A,0,-1,9223372036854775807,N/A,289406975,MOD,4538,write,69,N/A,285212672,-1,0.228583,4194304,-1,-1,-1,-1,1718734990.539416,7.020179,7.181414
POSIX,1000,ip-172-31-89-93,0,N/A,0,-1,9223372036854775807,N/A,293601279,MOD,4538,write,70,N/A,289406976,-1,0.263728,4194304,-1,-1,-1,-1,1718734990.803387,7.283906,7.410240
POSIX,1000,ip-172-31-89-93,0,N/A,0,-1,9223372036854775807,N/A,297795583,MOD,4538,write,71,N/A,293601280,-1,0.268728,4194304,-1,-1,-1,-1,1718734991.072360,7.552634,7.674213
POSIX,1000,ip-172-31-89-93,0,N/A,0,-1,9223372036854775807,N/A,301989887,MOD,4538,write,72,N/A,297795584,-1,0.282836,4194304,-1,-1,-1,-1,1718734991.355444,7.835470,7.943189
POSIX,1000,ip-172-31-89-93,0,N/A,0,-1,9223372036854775807,N/A,306184191,MOD,4538,write,73,N/A,301989888,-1,0.346020,4194304,-1,-1,-1,-1,1718734991.704416,8.181490,8.228977
POSIX,1000,ip-172-31-89-93,0,N/A,0,-1,9223372036854775807,N/A,310378495,MOD,4538,write,74,N/A,306184192,-1,0.329961,4194304,-1,-1,-1,-1,1718734992.034691,8.511452,8.575310
POSIX,1000,ip-172-31-89-93,0,N/A,0,-1,9223372036854775807,N/A,314572799,MOD,4538,write,75,N/A,310378496,-1,0.329740,4194304,-1,-1,-1,-1,1718734992.364713,8.841191,8.905555
POSIX,1000,ip-172-31-89-93,0,N/A,0,-1,9223372036854775807,N/A,318767103,MOD,4538,write,76,N/A,314572800,-1,0.331439,4194304,-1,-1,-1,-1,1718734992.696439,9.172630,9.235581
POSIX,1000,ip-172-31-89-93,0,N/A,0,-1,9223372036854775807,N/A,322961407,MOD,4538,write,77,N/A,318767104,-1,0.413720,4194304,-1,-1,-1,-1,1718734993.110424,9.586350,9.567284
POSIX,1000,ip-172-31-89-93,0,N/A,0,-1,9223372036854775807,N/A,327155711,MOD,4538,write,78,N/A,322961408,-1,0.413713,4194304,-1,-1,-1,-1,1718734993.524406,10.000063,9.981274
POSIX,1000,ip-172-31-89-93,0,N/A,0,-1,9223372036854775807,N/A,331350015,MOD,4538,write,79,N/A,327155712,-1,0.440691,4194304,-1,-1,-1,-1,1718734993.965371,10.440754,10.395260
POSIX,1000,ip-172-31-89-93,0,N/A,0,-1,9223372036854775807,N/A,335544319,MOD,4538,write,80,N/A,331350016,-1,0.394374,4194304,-1,-1,-1,-1,1718734994.362544,10.835129,10.838751
POSIX,1000,ip-172-31-89-93,0,N/A,0,-1,9223372036854775807,N/A,339738623,MOD,4538,write,81,N/A,335544320,-1,0.287045,4194304,-1,-1,-1,-1,1718734994.651425,11.122173,11.234961
POSIX,1000,ip-172-31-89-93,0,N/A,0,-1,9223372036854775807,N/A,343932927,MOD,4538,write,82,N/A,339738624,-1,0.256725,4194304,-1,-1,-1,-1,1718734994.908427,11.378898,11.522283
POSIX,1000,ip-172-31-89-93,0,N/A,0,-1,9223372036854775807,N/A,348127231,MOD,4538,write,83,N/A,343932928,-1,0.300828,4194304,-1,-1,-1,-1,1718734995.210405,11.679726,11.780158
POSIX,1000,ip-172-31-89-93,0,N/A,0,-1,9223372036854775807,N/A,352321535,MOD,4538,write,84,N/A,348127232,-1,0.331182,4194304,-1,-1,-1,-1,1718734995.541865,12.010907,12.081264
POSIX,1000,ip-172-31-89-93,0,N/A,0,-1,9223372036854775807,N/A,356515839,MOD,4538,write,85,N/A,352321536,-1,0.088903,4194304,-1,-1,-1,-1,1718734995.632407,12.099810,12.414085
POSIX,1000,ip-172-31-89-93,0,N/A,0,-1,9223372036854775807,N/A,360710143,MOD,4538,write,86,N/A,356515840,-1,0.212958,4194304,-1,-1,-1,-1,1718734995.848539,12.312768,12.506162
POSIX,1000,ip-172-31-89-93,0,N/A,0,-1,9223372036854775807,N/A,364904447,MOD,4538,write,87,N/A,360710144,-1,0.195907,4194304,-1,-1,-1,-1,1718734996.049267,12.508676,12.723941
POSIX,1000,ip-172-31-89-93,0,N/A,0,-1,9223372036854775807,N/A,369098751,MOD,4538,write,88,N/A,364904448,-1,0.281795,4194304,-1,-1,-1,-1,1718734996.332433,12.790471,12.921219
POSIX,1000,ip-172-31-89-93,0,N/A,0,-1,9223372036854775807,N/A,373293055,MOD,4538,write,89,N/A,369098752,-1,0.164713,4194304,-1,-1,-1,-1,1718734996.497447,12.955184,13.203315
POSIX,1000,ip-172-31-89-93,0,N/A,0,-1,9223372036854775807,N/A,377487359,MOD,4538,write,90,N/A,373293056,-1,0.211564,4194304,-1,-1,-1,-1,1718734996.711967,13.166748,13.370983
POSIX,1000,ip-172-31-89-93,0,N/A,0,-1,9223372036854775807,N/A,381681663,MOD,4538,write,91,N/A,377487360,-1,0.282567,4194304,-1,-1,-1,-1,1718734996.997554,13.449315,13.585568
POSIX,1000,ip-172-31-89-93,0,N/A,0,-1,9223372036854775807,N/A,385875967,MOD,4538,write,92,N/A,381681664,-1,0.141803,4194304,-1,-1,-1,-1,1718734997.139549,13.591117,13.868328
POSIX,1000,ip-172-31-89-93,0,N/A,0,-1,9223372036854775807,N/A,390070271,MOD,4538,write,93,N/A,385875968,-1,0.231950,4194304,-1,-1,-1,-1,1718734997.376363,13.823067,14.014994
POSIX,1000,ip-172-31-89-93,0,N/A,0,-1,9223372036854775807,N/A,394264575,MOD,4538,write,94,N/A,390070272,-1,0.212637,4194304,-1,-1,-1,-1,1718734997.589434,14.035704,14.247377
POSIX,1000,ip-172-31-89-93,0,N/A,0,-1,9223372036854775807,N/A,398458879,MOD,4538,write,95,N/A,394264576,-1,0.204871,4194304,-1,-1,-1,-1,1718734997.794714,14.240576,14.460423
POSIX,1000,ip-172-31-89-93,0,N/A,0,-1,9223372036854775807,N/A,402653183,MOD,4538,write,96,N/A,398458880,-1,0.195001,4194304,-1,-1,-1,-1,1718734997.992383,14.435576,14.667963
POSIX,1000,ip-172-31-89-93,0,N/A,0,-1,9223372036854775807,N/A,406847487,MOD,4538,write,97,N/A,402653184,-1,0.193613,4194304,-1,-1,-1,-1,1718734998.187991,14.629189,14.864959
POSIX,1000,ip-172-31-89-93,0,N/A,0,-1,9223372036854775807,N/A,411041791,MOD,4538,write,98,N/A,406847488,-1,0.183057,4194304,-1,-1,-1,-1,1718734998.374438,14.812246,15.061961
POSIX,1000,ip-172-31-89-93,0,N/A,0,-1,9223372036854775807,N/A,415236095,MOD,4538,write,99,N/A,411041792,-1,0.188675,4194304,-1,-1,-1,-1,1718734998.563402,15.000921,15.245308
POSIX,1000,ip-172-31-89-93,0,N/A,0,-1,9223372036854775807,N/A,419430399,MOD,4538,write,100,N/A,415236096,-1,0.196731,4194304,-1,-1,-1,-1,1718734998.761372,15.197652,15.435223
POSIX,1000,ip-172-31-89-93,0,N/A,0,-1,9223372036854775807,N/A,423624703,MOD,4538,write,101,N/A,419430400,-1,0.189796,4194304,-1,-1,-1,-1,1718734998.954358,15.387448,15.635143
POSIX,1000,ip-172-31-89-93,0,N/A,0,-1,9223372036854775807,N/A,427819007,MOD,4538,write,102,N/A,423624704,-1,0.183899,4194304,-1,-1,-1,-1,1718734999.139438,15.571347,15.826120
POSIX,1000,ip-172-31-89-93,0,N/A,0,-1,9223372036854775807,N/A,432013311,MOD,4538,write,103,N/A,427819008,-1,0.183019,4194304,-1,-1,-1,-1,1718734999.326416,15.754367,16.013978
POSIX,1000,ip-172-31-89-93,0,N/A,0,-1,9223372036854775807,N/A,436207615,MOD,4538,write,104,N/A,432013312,-1,0.185638,4194304,-1,-1,-1,-1,1718734999.512338,15.940005,16.197280
POSIX,1000,ip-172-31-89-93,0,N/A,0,-1,9223372036854775807,N/A,440401919,MOD,4538,write,105,N/A,436207616,-1,0.181177,4194304,-1,-1,-1,-1,1718734999.696599,16.121182,16.386003
POSIX,1000,ip-172-31-89-93,0,N/A,0,-1,9223372036854775807,N/A,444596223,MOD,4538,write,106,N/A,440401920,-1,0.179808,4194304,-1,-1,-1,-1,1718734999.878458,16.300990,16.569232
POSIX,1000,ip-172-31-89-93,0,N/A,0,-1,9223372036854775807,N/A,448790527,MOD,4538,write,107,N/A,444596224,-1,0.187814,4194304,-1,-1,-1,-1,1718735000.069424,16.488804,16.752191
POSIX,1000,ip-172-31-89-93,0,N/A,0,-1,9223372036854775807,N/A,452984831,MOD,4538,write,108,N/A,448790528,-1,0.190164,4194304,-1,-1,-1,-1,1718735000.262564,16.678968,16.942981
POSIX,1000,ip-172-31-89-93,0,N/A,0,-1,9223372036854775807,N/A,457179135,MOD,4538,write,109,N/A,452984832,-1,0.193499,4194304,-1,-1,-1,-1,1718735000.456363,16.872467,17.133445
POSIX,1000,ip-172-31-89-93,0,N/A,0,-1,9223372036854775807,N/A,461373439,MOD,4538,write,110,N/A,457179136,-1,0.183578,4194304,-1,-1,-1,-1,1718735000.640241,17.056046,17.327244
POSIX,1000,ip-172-31-89-93,0,N/A,0,-1,9223372036854775807,N/A,465567743,MOD,4538,write,111,N/A,461373440,-1,0.191167,4194304,-1,-1,-1,-1,1718735000.832774,17.247213,17.512188
POSIX,1000,ip-172-31-89-93,0,N/A,0,-1,9223372036854775807,N/A,469762047,MOD,4538,write,112,N/A,465567744,-1,0.189659,4194304,-1,-1,-1,-1,1718735001.024392,17.436872,17.705314
POSIX,1000,ip-172-31-89-93,0,N/A,0,-1,9223372036854775807,N/A,473956351,MOD,4538,write,113,N/A,469762048,-1,0.197214,4194304,-1,-1,-1,-1,1718735001.221899,17.634085,17.895267
POSIX,1000,ip-172-31-89-93,0,N/A,0,-1,9223372036854775807,N/A,478150655,MOD,4538,write,114,N/A,473956352,-1,0.186030,4194304,-1,-1,-1,-1,1718735001.409572,17.820115,18.094123
POSIX,1000,ip-172-31-89-93,0,N/A,0,-1,9223372036854775807,N/A,482344959,MOD,4538,write,115,N/A,478150656,-1,0.190751,4194304,-1,-1,-1,-1,1718735001.600438,18.010866,18.280268
POSIX,1000,ip-172-31-89-93,0,N/A,0,-1,9223372036854775807,N/A,486539263,MOD,4538,write,116,N/A,482344960,-1,0.206147,4194304,-1,-1,-1,-1,1718735001.809545,18.217013,18.473979
POSIX,1000,ip-172-31-89-93,0,N/A,0,-1,9223372036854775807,N/A,490733567,MOD,4538,write,117,N/A,486539264,-1,0.195579,4194304,-1,-1,-1,-1,1718735002.005366,18.412591,18.680368
POSIX,1000,ip-172-31-89-93,0,N/A,0,-1,9223372036854775807,N/A,494927871,MOD,4538,write,118,N/A,490733568,-1,0.195944,4194304,-1,-1,-1,-1,1718735002.204341,18.608536,18.878978
POSIX,1000,ip-172-31-89-93,0,N/A,0,-1,9223372036854775807,N/A,499122175,MOD,4538,write,119,N/A,494927872,-1,0.191836,4194304,-1,-1,-1,-1,1718735002.399339,18.800372,19.078083
POSIX,1000,ip-172-31-89-93,0,N/A,0,-1,9223372036854775807,N/A,503316479,MOD,4538,write,120,N/A,499122176,-1,0.188814,4194304,-1,-1,-1,-1,1718735002.588427,18.989186,19.270194
POSIX,1000,ip-172-31-89-93,0,N/A,0,-1,9223372036854775807,N/A,507510783,MOD,4538,write,121,N/A,503316480,-1,0.206674,4194304,-1,-1,-1,-1,1718735002.795369,19.195860,19.459276
POSIX,1000,ip-172-31-89-93,0,N/A,0,-1,9223372036854775807,N/A,511705087,MOD,4538,write,122,N/A,507510784,-1,0.194107,4194304,-1,-1,-1,-1,1718735002.992522,19.389967,19.668996
POSIX,1000,ip-172-31-89-93,0,N/A,0,-1,9223372036854775807,N/A,515899391,MOD,4538,write,123,N/A,511705088,-1,0.193589,4194304,-1,-1,-1,-1,1718735003.186416,19.583556,19.863408
POSIX,1000,ip-172-31-89-93,0,N/A,0,-1,9223372036854775807,N/A,520093695,MOD,4538,write,124,N/A,515899392,-1,0.201705,4194304,-1,-1,-1,-1,1718735003.388398,19.785261,20.057274
POSIX,1000,ip-172-31-89-93,0,N/A,0,-1,9223372036854775807,N/A,524287999,MOD,4538,write,125,N/A,520093696,-1,0.202698,4194304,-1,-1,-1,-1,1718735003.591370,19.987959,20.259253
POSIX,1000,ip-172-31-89-93,0,N/A,0,-1,9223372036854775807,N/A,528482303,MOD,4538,write,126,N/A,524288000,-1,0.203768,4194304,-1,-1,-1,-1,1718735003.796344,20.191728,20.463157
POSIX,1000,ip-172-31-89-93,0,N/A,0,-1,9223372036854775807,N/A,532676607,MOD,4538,write,127,N/A,528482304,-1,0.196907,4194304,-1,-1,-1,-1,1718735003.994731,20.388634,20.668405
POSIX,1000,ip-172-31-89-93,0,N/A,0,-1,9223372036854775807,N/A,536870911,MOD,4538,write,128,N/A,532676608,-1,0.204238,4194304,-1,-1,-1,-1,1718735004.199403,20.592872,20.865746
POSIX,1000,ip-172-31-89-93,-1,N/A,0,-1,9223372036854775807,N/A,-1,MOD,4538,close,1,N/A,-1,-1,0.000006,-1,-1,-1,-1,-1,1718735019.902873,0.000264,36.773448
STDIO,1000,ip-172-31-89-93,-1,N/A,0,7,9223372036854775807,N/A,308,MOD,4538,write,7,N/A,309,-1,0.000001,0,-1,-1,-1,-1,1718735019.904585,0.003098,36.775165
POSIX,1000,ip-172-31-89-93,-1,/home/ubuntu/testFile.00000000,0,-1,9223372036854775807,/home/ubuntu/ior/src/ior,-1,MET,4538,open,2,darshan_data,-1,-1,0.000008,-1,-1,-1,-1,-1,1718735019.904641,0.000272,36.775214
POSIX,1000,ip-172-31-89-93,1,N/A,0,-1,9223372036854775807,N/A,4194303,MOD,4538,read,1,N/A,0,-1,0.000857,4194304,-1,-1,-1,-1,1718735019.906245,0.000857,36.775969
POSIX,1000,ip-172-31-89-93,1,N/A,0,-1,9223372036854775807,N/A,8388607,MOD,4538,read,2,N/A,4194304,-1,0.001821,4194304,-1,-1,-1,-1,1718735019.911743,0.002678,36.780503
POSIX,1000,ip-172-31-89-93,1,N/A,0,-1,9223372036854775807,N/A,12582911,MOD,4538,read,3,N/A,8388608,-1,0.000940,4194304,-1,-1,-1,-1,1718735019.914500,0.003618,36.784141
POSIX,1000,ip-172-31-89-93,1,N/A,0,-1,9223372036854775807,N/A,16777215,MOD,4538,read,4,N/A,12582912,-1,0.000602,4194304,-1,-1,-1,-1,1718735019.916519,0.004220,36.786498
POSIX,1000,ip-172-31-89-93,1,N/A,0,-1,9223372036854775807,N/A,20971519,MOD,4538,read,5,N/A,16777216,-1,0.000543,4194304,-1,-1,-1,-1,1718735019.917296,0.004763,36.787334
POSIX,1000,ip-172-31-89-93,1,N/A,0,-1,9223372036854775807,N/A,25165823,MOD,4538,read,6,N/A,20971520,-1,0.002122,4194304,-1,-1,-1,-1,1718735019.920926,0.006885,36.789385
POSIX,1000,ip-172-31-89-93,1,N/A,0,-1,9223372036854775807,N/A,29360127,MOD,4538,read,7,N/A,25165824,-1,0.000540,4194304,-1,-1,-1,-1,1718735019.921574,0.007424,36.791615
POSIX,1000,ip-172-31-89-93,1,N/A,0,-1,9223372036854775807,N/A,33554431,MOD,4538,read,8,N/A,29360128,-1,0.000527,4194304,-1,-1,-1,-1,1718735019.923610,0.007952,36.793663
POSIX,1000,ip-172-31-89-93,1,N/A,0,-1,9223372036854775807,N/A,37748735,MOD,4538,read,9,N/A,33554432,-1,0.000546,4194304,-1,-1,-1,-1,1718735019.926824,0.008498,36.796859
POSIX,1000,ip-172-31-89-93,1,N/A,0,-1,9223372036854775807,N/A,41943039,MOD,4538,read,10,N/A,37748736,-1,0.000500,4194304,-1,-1,-1,-1,1718735019.927524,0.008998,36.797605
POSIX,1000,ip-172-31-89-93,1,N/A,0,-1,9223372036854775807,N/A,46137343,MOD,4538,read,11,N/A,41943040,-1,0.000496,4194304,-1,-1,-1,-1,1718735019.928483,0.009494,36.798568
POSIX,1000,ip-172-31-89-93,1,N/A,0,-1,9223372036854775807,N/A,50331647,MOD,4538,read,12,N/A,46137344,-1,0.000487,4194304,-1,-1,-1,-1,1718735019.932829,0.009981,36.802923
POSIX,1000,ip-172-31-89-93,1,N/A,0,-1,9223372036854775807,N/A,54525951,MOD,4538,read,13,N/A,50331648,-1,0.000526,4194304,-1,-1,-1,-1,1718735019.933702,0.010507,36.803757
POSIX,1000,ip-172-31-89-93,1,N/A,0,-1,9223372036854775807,N/A,58720255,MOD,4538,read,14,N/A,54525952,-1,0.000620,4194304,-1,-1,-1,-1,1718735019.937004,0.011127,36.806965
POSIX,1000,ip-172-31-89-93,1,N/A,0,-1,9223372036854775807,N/A,62914559,MOD,4538,read,15,N/A,58720256,-1,0.000508,4194304,-1,-1,-1,-1,1718735019.937693,0.011635,36.807766
POSIX,1000,ip-172-31-89-93,1,N/A,0,-1,9223372036854775807,N/A,67108863,MOD,4538,read,16,N/A,62914560,-1,0.000488,4194304,-1,-1,-1,-1,1718735019.941159,0.012123,36.811252
POSIX,1000,ip-172-31-89-93,1,N/A,0,-1,9223372036854775807,N/A,71303167,MOD,4538,read,17,N/A,67108864,-1,0.000544,4194304,-1,-1,-1,-1,1718735019.941972,0.012667,36.812010
POSIX,1000,ip-172-31-89-93,1,N/A,0,-1,9223372036854775807,N/A,75497471,MOD,4538,read,18,N/A,71303168,-1,0.000649,4194304,-1,-1,-1,-1,1718735019.945134,0.013316,36.815066
POSIX,1000,ip-172-31-89-93,1,N/A,0,-1,9223372036854775807,N/A,79691775,MOD,4538,read,19,N/A,75497472,-1,0.001666,4194304,-1,-1,-1,-1,1718735019.948361,0.014982,36.817276
POSIX,1000,ip-172-31-89-93,1,N/A,0,-1,9223372036854775807,N/A,83886079,MOD,4538,read,20,N/A,79691776,-1,0.000501,4194304,-1,-1,-1,-1,1718735019.949186,0.015483,36.819266
POSIX,1000,ip-172-31-89-93,1,N/A,0,-1,9223372036854775807,N/A,88080383,MOD,4538,read,21,N/A,83886080,-1,0.000592,4194304,-1,-1,-1,-1,1718735019.953447,0.016075,36.823436
POSIX,1000,ip-172-31-89-93,1,N/A,0,-1,9223372036854775807,N/A,92274687,MOD,4538,read,22,N/A,88080384,-1,0.000512,4194304,-1,-1,-1,-1,1718735019.955780,0.016587,36.825849
POSIX,1000,ip-172-31-89-93,1,N/A,0,-1,9223372036854775807,N/A,96468991,MOD,4538,read,23,N/A,92274688,-1,0.000533,4194304,-1,-1,-1,-1,1718735019.956567,0.017120,36.826614
POSIX,1000,ip-172-31-89-93,1,N/A,0,-1,9223372036854775807,N/A,100663295,MOD,4538,read,24,N/A,96468992,-1,0.000529,4194304,-1,-1,-1,-1,1718735019.959217,0.017649,36.829269
POSIX,1000,ip-172-31-89-93,1,N/A,0,-1,9223372036854775807,N/A,104857599,MOD,4538,read,25,N/A,100663296,-1,0.003261,4194304,-1,-1,-1,-1,1718735019.963913,0.020910,36.831233
POSIX,1000,ip-172-31-89-93,1,N/A,0,-1,9223372036854775807,N/A,109051903,MOD,4538,read,26,N/A,104857600,-1,0.000643,4194304,-1,-1,-1,-1,1718735019.967287,0.021553,36.837225
POSIX,1000,ip-172-31-89-93,1,N/A,0,-1,9223372036854775807,N/A,113246207,MOD,4538,read,27,N/A,109051904,-1,0.000646,4194304,-1,-1,-1,-1,1718735019.969235,0.022199,36.839170
POSIX,1000,ip-172-31-89-93,1,N/A,0,-1,9223372036854775807,N/A,117440511,MOD,4538,read,28,N/A,113246208,-1,0.000537,4194304,-1,-1,-1,-1,1718735019.971203,0.022736,36.841247
POSIX,1000,ip-172-31-89-93,1,N/A,0,-1,9223372036854775807,N/A,121634815,MOD,4538,read,29,N/A,117440512,-1,0.000571,4194304,-1,-1,-1,-1,1718735019.973983,0.023307,36.843993
POSIX,1000,ip-172-31-89-93,1,N/A,0,-1,9223372036854775807,N/A,125829119,MOD,4538,read,30,N/A,121634816,-1,0.000491,4194304,-1,-1,-1,-1,1718735019.974962,0.023798,36.845052
POSIX,1000,ip-172-31-89-93,1,N/A,0,-1,9223372036854775807,N/A,130023423,MOD,4538,read,31,N/A,125829120,-1,0.000538,4194304,-1,-1,-1,-1,1718735019.977547,0.024336,36.847590
POSIX,1000,ip-172-31-89-93,1,N/A,0,-1,9223372036854775807,N/A,134217727,MOD,4538,read,32,N/A,130023424,-1,0.000514,4194304,-1,-1,-1,-1,1718735019.978542,0.024850,36.848609
POSIX,1000,ip-172-31-89-93,1,N/A,0,-1,9223372036854775807,N/A,138412031,MOD,4538,read,33,N/A,134217728,-1,0.000506,4194304,-1,-1,-1,-1,1718735019.981045,0.025356,36.851120
POSIX,1000,ip-172-31-89-93,1,N/A,0,-1,9223372036854775807,N/A,142606335,MOD,4538,read,34,N/A,138412032,-1,0.000514,4194304,-1,-1,-1,-1,1718735019.983872,0.025870,36.853940
POSIX,1000,ip-172-31-89-93,1,N/A,0,-1,9223372036854775807,N/A,146800639,MOD,4538,read,35,N/A,142606336,-1,0.000518,4194304,-1,-1,-1,-1,1718735019.984563,0.026387,36.854626
POSIX,1000,ip-172-31-89-93,1,N/A,0,-1,9223372036854775807,N/A,150994943,MOD,4538,read,36,N/A,146800640,-1,0.000556,4194304,-1,-1,-1,-1,1718735019.985619,0.026943,36.855644
POSIX,1000,ip-172-31-89-93,1,N/A,0,-1,9223372036854775807,N/A,155189247,MOD,4538,read,37,N/A,150994944,-1,0.000596,4194304,-1,-1,-1,-1,1718735019.988439,0.027539,36.858424
POSIX,1000,ip-172-31-89-93,1,N/A,0,-1,9223372036854775807,N/A,159383551,MOD,4538,read,38,N/A,155189248,-1,0.000482,4194304,-1,-1,-1,-1,1718735019.989114,0.028022,36.859213
POSIX,1000,ip-172-31-89-93,1,N/A,0,-1,9223372036854775807,N/A,163577855,MOD,4538,read,39,N/A,159383552,-1,0.001521,4194304,-1,-1,-1,-1,1718735019.992375,0.029543,36.861435
POSIX,1000,ip-172-31-89-93,1,N/A,0,-1,9223372036854775807,N/A,167772159,MOD,4538,read,40,N/A,163577856,-1,0.001683,4194304,-1,-1,-1,-1,1718735019.994684,0.031226,36.863582
POSIX,1000,ip-172-31-89-93,1,N/A,0,-1,9223372036854775807,N/A,171966463,MOD,4538,read,41,N/A,167772160,-1,0.000515,4194304,-1,-1,-1,-1,1718735019.998074,0.031740,36.868141
POSIX,1000,ip-172-31-89-93,1,N/A,0,-1,9223372036854775807,N/A,176160767,MOD,4538,read,42,N/A,171966464,-1,0.000499,4194304,-1,-1,-1,-1,1718735019.998811,0.032239,36.868894
POSIX,1000,ip-172-31-89-93,1,N/A,0,-1,9223372036854775807,N/A,180355071,MOD,4538,read,43,N/A,176160768,-1,0.000501,4194304,-1,-1,-1,-1,1718735020.000915,0.032740,36.870995
POSIX,1000,ip-172-31-89-93,1,N/A,0,-1,9223372036854775807,N/A,184549375,MOD,4538,read,44,N/A,180355072,-1,0.000549,4194304,-1,-1,-1,-1,1718735020.003431,0.033288,36.873463
POSIX,1000,ip-172-31-89-93,1,N/A,0,-1,9223372036854775807,N/A,188743679,MOD,4538,read,45,N/A,184549376,-1,0.000535,4194304,-1,-1,-1,-1,1718735020.005970,0.033824,36.876015
POSIX,1000,ip-172-31-89-93,1,N/A,0,-1,9223372036854775807,N/A,192937983,MOD,4538,read,46,N/A,188743680,-1,0.000530,4194304,-1,-1,-1,-1,1718735020.006774,0.034354,36.876825
POSIX,1000,ip-172-31-89-93,1,N/A,0,-1,9223372036854775807,N/A,197132287,MOD,4538,read,47,N/A,192937984,-1,0.000522,4194304,-1,-1,-1,-1,1718735020.009176,0.034876,36.879234
POSIX,1000,ip-172-31-89-93,1,N/A,0,-1,9223372036854775807,N/A,201326591,MOD,4538,read,48,N/A,197132288,-1,0.000501,4194304,-1,-1,-1,-1,1718735020.010180,0.035377,36.880260
POSIX,1000,ip-172-31-89-93,1,N/A,0,-1,9223372036854775807,N/A,205520895,MOD,4538,read,49,N/A,201326592,-1,0.000559,4194304,-1,-1,-1,-1,1718735020.012647,0.035936,36.882669
POSIX,1000,ip-172-31-89-93,1,N/A,0,-1,9223372036854775807,N/A,209715199,MOD,4538,read,50,N/A,205520896,-1,0.000551,4194304,-1,-1,-1,-1,1718735020.013650,0.036487,36.883680
POSIX,1000,ip-172-31-89-93,1,N/A,0,-1,9223372036854775807,N/A,213909503,MOD,4538,read,51,N/A,209715200,-1,0.000612,4194304,-1,-1,-1,-1,1718735020.016487,0.037099,36.886456
POSIX,1000,ip-172-31-89-93,1,N/A,0,-1,9223372036854775807,N/A,218103807,MOD,4538,read,52,N/A,213909504,-1,0.000721,4194304,-1,-1,-1,-1,1718735020.020204,0.037820,36.890064
POSIX,1000,ip-172-31-89-93,1,N/A,0,-1,9223372036854775807,N/A,222298111,MOD,4538,read,53,N/A,218103808,-1,0.000516,4194304,-1,-1,-1,-1,1718735020.022165,0.038336,36.892229
POSIX,1000,ip-172-31-89-93,1,N/A,0,-1,9223372036854775807,N/A,226492415,MOD,4538,read,54,N/A,222298112,-1,0.003004,4194304,-1,-1,-1,-1,1718735020.026389,0.041341,36.893965
POSIX,1000,ip-172-31-89-93,1,N/A,0,-1,9223372036854775807,N/A,230686719,MOD,4538,read,55,N/A,226492416,-1,0.000646,4194304,-1,-1,-1,-1,1718735020.027415,0.041987,36.897350
POSIX,1000,ip-172-31-89-93,1,N/A,0,-1,9223372036854775807,N/A,234881023,MOD,4538,read,56,N/A,230686720,-1,0.002348,4194304,-1,-1,-1,-1,1718735020.031084,0.044334,36.899317
POSIX,1000,ip-172-31-89-93,1,N/A,0,-1,9223372036854775807,N/A,239075327,MOD,4538,read,57,N/A,234881024,-1,0.000527,4194304,-1,-1,-1,-1,1718735020.031796,0.044861,36.901850
POSIX,1000,ip-172-31-89-93,1,N/A,0,-1,9223372036854775807,N/A,243269631,MOD,4538,read,58,N/A,239075328,-1,0.000510,4194304,-1,-1,-1,-1,1718735020.032794,0.045371,36.902866
POSIX,1000,ip-172-31-89-93,1,N/A,0,-1,9223372036854775807,N/A,247463935,MOD,4538,read,59,N/A,243269632,-1,0.000704,4194304,-1,-1,-1,-1,1718735020.038041,0.046075,36.907918
POSIX,1000,ip-172-31-89-93,1,N/A,0,-1,9223372036854775807,N/A,251658239,MOD,4538,read,60,N/A,247463936,-1,0.000685,4194304,-1,-1,-1,-1,1718735020.039719,0.046760,36.909615
POSIX,1000,ip-172-31-89-93,1,N/A,0,-1,9223372036854775807,N/A,255852543,MOD,4538,read,61,N/A,251658240,-1,0.000539,4194304,-1,-1,-1,-1,1718735020.042135,0.047299,36.912177
POSIX,1000,ip-172-31-89-93,1,N/A,0,-1,9223372036854775807,N/A,260046847,MOD,4538,read,62,N/A,255852544,-1,0.000504,4194304,-1,-1,-1,-1,1718735020.044294,0.047803,36.914371
POSIX,1000,ip-172-31-89-93,1,N/A,0,-1,9223372036854775807,N/A,264241151,MOD,4538,read,63,N/A,260046848,-1,0.001060,4194304,-1,-1,-1,-1,1718735020.046758,0.048863,36.916279
POSIX,1000,ip-172-31-89-93,1,N/A,0,-1,9223372036854775807,N/A,268435455,MOD,4538,read,64,N/A,264241152,-1,0.000500,4194304,-1,-1,-1,-1,1718735020.048848,0.049364,36.918929
POSIX,1000,ip-172-31-89-93,1,N/A,0,-1,9223372036854775807,N/A,272629759,MOD,4538,read,65,N/A,268435456,-1,0.000505,4194304,-1,-1,-1,-1,1718735020.050898,0.049869,36.920974
POSIX,1000,ip-172-31-89-93,1,N/A,0,-1,9223372036854775807,N/A,276824063,MOD,4538,read,66,N/A,272629760,-1,0.000548,4194304,-1,-1,-1,-1,1718735020.054219,0.050417,36.924252
POSIX,1000,ip-172-31-89-93,1,N/A,0,-1,9223372036854775807,N/A,281018367,MOD,4538,read,67,N/A,276824064,-1,0.003007,4194304,-1,-1,-1,-1,1718735020.058726,0.053424,36.926300
POSIX,1000,ip-172-31-89-93,1,N/A,0,-1,9223372036854775807,N/A,285212671,MOD,4538,read,68,N/A,281018368,-1,0.000545,4194304,-1,-1,-1,-1,1718735020.059758,0.053969,36.929794
POSIX,1000,ip-172-31-89-93,1,N/A,0,-1,9223372036854775807,N/A,289406975,MOD,4538,read,69,N/A,285212672,-1,0.000508,4194304,-1,-1,-1,-1,1718735020.060781,0.054478,36.930854
POSIX,1000,ip-172-31-89-93,1,N/A,0,-1,9223372036854775807,N/A,293601279,MOD,4538,read,70,N/A,289406976,-1,0.000540,4194304,-1,-1,-1,-1,1718735020.062776,0.055018,36.932817
POSIX,1000,ip-172-31-89-93,1,N/A,0,-1,9223372036854775807,N/A,297795583,MOD,4538,read,71,N/A,293601280,-1,0.000563,4194304,-1,-1,-1,-1,1718735020.063567,0.055581,36.933585
POSIX,1000,ip-172-31-89-93,1,N/A,0,-1,9223372036854775807,N/A,301989887,MOD,4538,read,72,N/A,297795584,-1,0.000575,4194304,-1,-1,-1,-1,1718735020.064607,0.056156,36.934613
POSIX,1000,ip-172-31-89-93,1,N/A,0,-1,9223372036854775807,N/A,306184191,MOD,4538,read,73,N/A,301989888,-1,0.000573,4194304,-1,-1,-1,-1,1718735020.065579,0.056729,36.935587
POSIX,1000,ip-172-31-89-93,1,N/A,0,-1,9223372036854775807,N/A,310378495,MOD,4538,read,74,N/A,306184192,-1,0.000476,4194304,-1,-1,-1,-1,1718735020.066241,0.057205,36.936346
POSIX,1000,ip-172-31-89-93,1,N/A,0,-1,9223372036854775807,N/A,314572799,MOD,4538,read,75,N/A,310378496,-1,0.000545,4194304,-1,-1,-1,-1,1718735020.068734,0.057750,36.938770
POSIX,1000,ip-172-31-89-93,1,N/A,0,-1,9223372036854775807,N/A,318767103,MOD,4538,read,76,N/A,314572800,-1,0.000512,4194304,-1,-1,-1,-1,1718735020.069440,0.058262,36.939509
POSIX,1000,ip-172-31-89-93,1,N/A,0,-1,9223372036854775807,N/A,322961407,MOD,4538,read,77,N/A,318767104,-1,0.000784,4194304,-1,-1,-1,-1,1718735020.070590,0.059046,36.940386
POSIX,1000,ip-172-31-89-93,1,N/A,0,-1,9223372036854775807,N/A,327155711,MOD,4538,read,78,N/A,322961408,-1,0.000623,4194304,-1,-1,-1,-1,1718735020.071548,0.059669,36.941505
POSIX,1000,ip-172-31-89-93,1,N/A,0,-1,9223372036854775807,N/A,331350015,MOD,4538,read,79,N/A,327155712,-1,0.000544,4194304,-1,-1,-1,-1,1718735020.072300,0.060214,36.942336
POSIX,1000,ip-172-31-89-93,1,N/A,0,-1,9223372036854775807,N/A,335544319,MOD,4538,read,80,N/A,331350016,-1,0.000492,4194304,-1,-1,-1,-1,1718735020.074288,0.060705,36.944377
POSIX,1000,ip-172-31-89-93,1,N/A,0,-1,9223372036854775807,N/A,339738623,MOD,4538,read,81,N/A,335544320,-1,0.000514,4194304,-1,-1,-1,-1,1718735020.075144,0.061219,36.945211
POSIX,1000,ip-172-31-89-93,1,N/A,0,-1,9223372036854775807,N/A,343932927,MOD,4538,read,82,N/A,339738624,-1,0.000470,4194304,-1,-1,-1,-1,1718735020.076101,0.061689,36.946211
POSIX,1000,ip-172-31-89-93,1,N/A,0,-1,9223372036854775807,N/A,348127231,MOD,4538,read,83,N/A,343932928,-1,0.000476,4194304,-1,-1,-1,-1,1718735020.077095,0.062165,36.947200
POSIX,1000,ip-172-31-89-93,1,N/A,0,-1,9223372036854775807,N/A,352321535,MOD,4538,read,84,N/A,348127232,-1,0.000510,4194304,-1,-1,-1,-1,1718735020.077781,0.062675,36.947851
POSIX,1000,ip-172-31-89-93,1,N/A,0,-1,9223372036854775807,N/A,356515839,MOD,4538,read,85,N/A,352321536,-1,0.000485,4194304,-1,-1,-1,-1,1718735020.079163,0.063161,36.949259
POSIX,1000,ip-172-31-89-93,1,N/A,0,-1,9223372036854775807,N/A,360710143,MOD,4538,read,86,N/A,356515840,-1,0.000503,4194304,-1,-1,-1,-1,1718735020.080966,0.063663,36.951044
POSIX,1000,ip-172-31-89-93,1,N/A,0,-1,9223372036854775807,N/A,364904447,MOD,4538,read,87,N/A,360710144,-1,0.000510,4194304,-1,-1,-1,-1,1718735020.081690,0.064174,36.951760
POSIX,1000,ip-172-31-89-93,1,N/A,0,-1,9223372036854775807,N/A,369098751,MOD,4538,read,88,N/A,364904448,-1,0.000516,4194304,-1,-1,-1,-1,1718735020.082804,0.064690,36.952869
POSIX,1000,ip-172-31-89-93,1,N/A,0,-1,9223372036854775807,N/A,373293055,MOD,4538,read,89,N/A,369098752,-1,0.000585,4194304,-1,-1,-1,-1,1718735020.084349,0.065275,36.954345
POSIX,1000,ip-172-31-89-93,1,N/A,0,-1,9223372036854775807,N/A,377487359,MOD,4538,read,90,N/A,373293056,-1,0.000478,4194304,-1,-1,-1,-1,1718735020.085292,0.065753,36.955395
POSIX,1000,ip-172-31-89-93,1,N/A,0,-1,9223372036854775807,N/A,381681663,MOD,4538,read,91,N/A,377487360,-1,0.000510,4194304,-1,-1,-1,-1,1718735020.086574,0.066262,36.956646
POSIX,1000,ip-172-31-89-93,1,N/A,0,-1,9223372036854775807,N/A,385875967,MOD,4538,read,92,N/A,381681664,-1,0.001426,4194304,-1,-1,-1,-1,1718735020.088222,0.067688,36.957377
POSIX,1000,ip-172-31-89-93,1,N/A,0,-1,9223372036854775807,N/A,390070271,MOD,4538,read,93,N/A,385875968,-1,0.000478,4194304,-1,-1,-1,-1,1718735020.089214,0.068166,36.959317
POSIX,1000,ip-172-31-89-93,1,N/A,0,-1,9223372036854775807,N/A,394264575,MOD,4538,read,94,N/A,390070272,-1,0.000514,4194304,-1,-1,-1,-1,1718735020.090249,0.068680,36.960316
POSIX,1000,ip-172-31-89-93,1,N/A,0,-1,9223372036854775807,N/A,398458879,MOD,4538,read,95,N/A,394264576,-1,0.001770,4194304,-1,-1,-1,-1,1718735020.092498,0.070451,36.961308
POSIX,1000,ip-172-31-89-93,1,N/A,0,-1,9223372036854775807,N/A,402653183,MOD,4538,read,96,N/A,398458880,-1,0.000511,4194304,-1,-1,-1,-1,1718735020.093476,0.070961,36.963546
POSIX,1000,ip-172-31-89-93,1,N/A,0,-1,9223372036854775807,N/A,406847487,MOD,4538,read,97,N/A,402653184,-1,0.000525,4194304,-1,-1,-1,-1,1718735020.094491,0.071486,36.964547
POSIX,1000,ip-172-31-89-93,1,N/A,0,-1,9223372036854775807,N/A,411041791,MOD,4538,read,98,N/A,406847488,-1,0.000493,4194304,-1,-1,-1,-1,1718735020.095454,0.071979,36.965542
POSIX,1000,ip-172-31-89-93,1,N/A,0,-1,9223372036854775807,N/A,415236095,MOD,4538,read,99,N/A,411041792,-1,0.000533,4194304,-1,-1,-1,-1,1718735020.096780,0.072512,36.966829
POSIX,1000,ip-172-31-89-93,1,N/A,0,-1,9223372036854775807,N/A,419430399,MOD,4538,read,100,N/A,415236096,-1,0.001186,4194304,-1,-1,-1,-1,1718735020.098633,0.073698,36.968028
POSIX,1000,ip-172-31-89-93,1,N/A,0,-1,9223372036854775807,N/A,423624703,MOD,4538,read,101,N/A,419430400,-1,0.000588,4194304,-1,-1,-1,-1,1718735020.099642,0.074286,36.969635
POSIX,1000,ip-172-31-89-93,1,N/A,0,-1,9223372036854775807,N/A,427819007,MOD,4538,read,102,N/A,423624704,-1,0.000656,4194304,-1,-1,-1,-1,1718735020.100968,0.074942,36.970893
POSIX,1000,ip-172-31-89-93,1,N/A,0,-1,9223372036854775807,N/A,432013311,MOD,4538,read,103,N/A,427819008,-1,0.000495,4194304,-1,-1,-1,-1,1718735020.101981,0.075437,36.972067
POSIX,1000,ip-172-31-89-93,1,N/A,0,-1,9223372036854775807,N/A,436207615,MOD,4538,read,104,N/A,432013312,-1,0.000479,4194304,-1,-1,-1,-1,1718735020.102965,0.075915,36.973067
POSIX,1000,ip-172-31-89-93,1,N/A,0,-1,9223372036854775807,N/A,440401919,MOD,4538,read,105,N/A,436207616,-1,0.001257,4194304,-1,-1,-1,-1,1718735020.104297,0.077173,36.973621
POSIX,1000,ip-172-31-89-93,1,N/A,0,-1,9223372036854775807,N/A,444596223,MOD,4538,read,106,N/A,440401920,-1,0.000481,4194304,-1,-1,-1,-1,1718735020.104984,0.077653,36.975085
POSIX,1000,ip-172-31-89-93,1,N/A,0,-1,9223372036854775807,N/A,448790527,MOD,4538,read,107,N/A,444596224,-1,0.000515,4194304,-1,-1,-1,-1,1718735020.106740,0.078168,36.976806
POSIX,1000,ip-172-31-89-93,1,N/A,0,-1,9223372036854775807,N/A,452984831,MOD,4538,read,108,N/A,448790528,-1,0.000567,4194304,-1,-1,-1,-1,1718735020.107480,0.078735,36.977494
POSIX,1000,ip-172-31-89-93,1,N/A,0,-1,9223372036854775807,N/A,457179135,MOD,4538,read,109,N/A,452984832,-1,0.000470,4194304,-1,-1,-1,-1,1718735020.108129,0.079205,36.978240
POSIX,1000,ip-172-31-89-93,1,N/A,0,-1,9223372036854775807,N/A,461373439,MOD,4538,read,110,N/A,457179136,-1,0.000576,4194304,-1,-1,-1,-1,1718735020.110501,0.079780,36.980506
POSIX,1000,ip-172-31-89-93,1,N/A,0,-1,9223372036854775807,N/A,465567743,MOD,4538,read,111,N/A,461373440,-1,0.000479,4194304,-1,-1,-1,-1,1718735020.111143,0.080259,36.981245
POSIX,1000,ip-172-31-89-93,1,N/A,0,-1,9223372036854775807,N/A,469762047,MOD,4538,read,112,N/A,465567744,-1,0.000473,4194304,-1,-1,-1,-1,1718735020.111820,0.080732,36.981928
POSIX,1000,ip-172-31-89-93,1,N/A,0,-1,9223372036854775807,N/A,473956351,MOD,4538,read,113,N/A,469762048,-1,0.001492,4194304,-1,-1,-1,-1,1718735020.113683,0.082224,36.982772
POSIX,1000,ip-172-31-89-93,1,N/A,0,-1,9223372036854775807,N/A,478150655,MOD,4538,read,114,N/A,473956352,-1,0.000522,4194304,-1,-1,-1,-1,1718735020.114554,0.082746,36.984613
POSIX,1000,ip-172-31-89-93,1,N/A,0,-1,9223372036854775807,N/A,482344959,MOD,4538,read,115,N/A,478150656,-1,0.000515,4194304,-1,-1,-1,-1,1718735020.115565,0.083261,36.985631
POSIX,1000,ip-172-31-89-93,1,N/A,0,-1,9223372036854775807,N/A,486539263,MOD,4538,read,116,N/A,482344960,-1,0.000575,4194304,-1,-1,-1,-1,1718735020.117374,0.083835,36.987380
POSIX,1000,ip-172-31-89-93,1,N/A,0,-1,9223372036854775807,N/A,490733567,MOD,4538,read,117,N/A,486539264,-1,0.000500,4194304,-1,-1,-1,-1,1718735020.118067,0.084335,36.988148
POSIX,1000,ip-172-31-89-93,1,N/A,0,-1,9223372036854775807,N/A,494927871,MOD,4538,read,118,N/A,490733568,-1,0.000500,4194304,-1,-1,-1,-1,1718735020.119089,0.084835,36.989170
POSIX,1000,ip-172-31-89-93,1,N/A,0,-1,9223372036854775807,N/A,499122175,MOD,4538,read,119,N/A,494927872,-1,0.001177,4194304,-1,-1,-1,-1,1718735020.120669,0.086012,36.990072
POSIX,1000,ip-172-31-89-93,1,N/A,0,-1,9223372036854775807,N/A,503316479,MOD,4538,read,120,N/A,499122176,-1,0.000523,4194304,-1,-1,-1,-1,1718735020.121665,0.086535,36.991723
POSIX,1000,ip-172-31-89-93,1,N/A,0,-1,9223372036854775807,N/A,507510783,MOD,4538,read,121,N/A,503316480,-1,0.000538,4194304,-1,-1,-1,-1,1718735020.123542,0.087073,36.993585
POSIX,1000,ip-172-31-89-93,1,N/A,0,-1,9223372036854775807,N/A,511705087,MOD,4538,read,122,N/A,507510784,-1,0.000498,4194304,-1,-1,-1,-1,1718735020.124333,0.087571,36.994416
POSIX,1000,ip-172-31-89-93,1,N/A,0,-1,9223372036854775807,N/A,515899391,MOD,4538,read,123,N/A,511705088,-1,0.000479,4194304,-1,-1,-1,-1,1718735020.125001,0.088050,36.995102
POSIX,1000,ip-172-31-89-93,1,N/A,0,-1,9223372036854775807,N/A,520093695,MOD,4538,read,124,N/A,515899392,-1,0.000484,4194304,-1,-1,-1,-1,1718735020.125991,0.088534,36.996088
POSIX,1000,ip-172-31-89-93,1,N/A,0,-1,9223372036854775807,N/A,524287999,MOD,4538,read,125,N/A,520093696,-1,0.000513,4194304,-1,-1,-1,-1,1718735020.127506,0.089047,36.997574
POSIX,1000,ip-172-31-89-93,1,N/A,0,-1,9223372036854775807,N/A,528482303,MOD,4538,read,126,N/A,524288000,-1,0.000485,4194304,-1,-1,-1,-1,1718735020.128176,0.089532,36.998271
POSIX,1000,ip-172-31-89-93,1,N/A,0,-1,9223372036854775807,N/A,532676607,MOD,4538,read,127,N/A,528482304,-1,0.000479,4194304,-1,-1,-1,-1,1718735020.129004,0.090011,36.999106
POSIX,1000,ip-172-31-89-93,1,N/A,0,-1,9223372036854775807,N/A,536870911,MOD,4538,read,128,N/A,532676608,-1,0.000492,4194304,-1,-1,-1,-1,1718735020.131309,0.090503,37.001398
POSIX,1000,ip-172-31-89-93,-1,N/A,0,-1,9223372036854775807,N/A,-1,MOD,4538,close,2,N/A,-1,-1,0.000005,-1,-1,-1,-1,-1,1718735020.131538,0.000898,37.002114
STDIO,1000,ip-172-31-89-93,-1,N/A,0,8,9223372036854775807,N/A,308,MOD,4538,write,7,N/A,309,-1,0.000001,0,-1,-1,-1,-1,1718735020.131705,0.003099,37.002285
POSIX,1000,ip-172-31-89-93,-1,/home/ubuntu/testFile.00000000,0,-1,9223372036854775807,/home/ubuntu/ior/src/ior,-1,MET,4538,open,3,darshan_data,-1,-1,0.000033,-1,-1,-1,-1,-1,1718735020.219655,0.000931,37.090204
POSIX,1000,ip-172-31-89-93,2,N/A,0,-1,9223372036854775807,N/A,536870911,MOD,4538,write,129,N/A,0,-1,0.002363,4194304,-1,-1,-1,-1,1718735020.222809,36.295166,37.091027
POSIX,1000,ip-172-31-89-93,2,N/A,0,-1,9223372036854775807,N/A,536870911,MOD,4538,write,130,N/A,4194304,-1,0.003488,4194304,-1,-1,-1,-1,1718735020.227725,36.298654,37.094817
POSIX,1000,ip-172-31-89-93,2,N/A,0,-1,9223372036854775807,N/A,536870911,MOD,4538,write,131,N/A,8388608,-1,0.003304,4194304,-1,-1,-1,-1,1718735020.231439,36.301958,37.098716
POSIX,1000,ip-172-31-89-93,2,N/A,0,-1,9223372036854775807,N/A,536870911,MOD,4538,write,132,N/A,12582912,-1,0.002446,4194304,-1,-1,-1,-1,1718735020.235152,36.304404,37.103286
POSIX,1000,ip-172-31-89-93,2,N/A,0,-1,9223372036854775807,N/A,536870911,MOD,4538,write,133,N/A,16777216,-1,0.002116,4194304,-1,-1,-1,-1,1718735020.238883,36.306521,37.107348
POSIX,1000,ip-172-31-89-93,2,N/A,0,-1,9223372036854775807,N/A,536870911,MOD,4538,write,134,N/A,20971520,-1,0.003229,4194304,-1,-1,-1,-1,1718735020.242628,36.309750,37.109980
POSIX,1000,ip-172-31-89-93,2,N/A,0,-1,9223372036854775807,N/A,536870911,MOD,4538,write,135,N/A,25165824,-1,0.002075,4194304,-1,-1,-1,-1,1718735020.245236,36.311825,37.113742
POSIX,1000,ip-172-31-89-93,2,N/A,0,-1,9223372036854775807,N/A,536870911,MOD,4538,write,136,N/A,29360128,-1,0.003423,4194304,-1,-1,-1,-1,1718735020.250023,36.315248,37.117181
POSIX,1000,ip-172-31-89-93,2,N/A,0,-1,9223372036854775807,N/A,536870911,MOD,4538,write,137,N/A,33554432,-1,0.002084,4194304,-1,-1,-1,-1,1718735020.252702,36.317332,37.121199
POSIX,1000,ip-172-31-89-93,2,N/A,0,-1,9223372036854775807,N/A,536870911,MOD,4538,write,138,N/A,37748736,-1,0.002136,4194304,-1,-1,-1,-1,1718735020.256093,36.319468,37.124537
POSIX,1000,ip-172-31-89-93,2,N/A,0,-1,9223372036854775807,N/A,536870911,MOD,4538,write,139,N/A,41943040,-1,0.002089,4194304,-1,-1,-1,-1,1718735020.259655,36.321557,37.128148
POSIX,1000,ip-172-31-89-93,2,N/A,0,-1,9223372036854775807,N/A,536870911,MOD,4538,write,140,N/A,46137344,-1,0.004002,4194304,-1,-1,-1,-1,1718735020.263787,36.325558,37.130366
POSIX,1000,ip-172-31-89-93,2,N/A,0,-1,9223372036854775807,N/A,536870911,MOD,4538,write,141,N/A,50331648,-1,0.003280,4194304,-1,-1,-1,-1,1718735020.267348,36.328839,37.134648
POSIX,1000,ip-172-31-89-93,2,N/A,0,-1,9223372036854775807,N/A,536870911,MOD,4538,write,142,N/A,54525952,-1,0.002091,4194304,-1,-1,-1,-1,1718735020.269890,36.330930,37.138380
POSIX,1000,ip-172-31-89-93,2,N/A,0,-1,9223372036854775807,N/A,536870911,MOD,4538,write,143,N/A,58720256,-1,0.003215,4194304,-1,-1,-1,-1,1718735020.273301,36.334145,37.140667
POSIX,1000,ip-172-31-89-93,2,N/A,0,-1,9223372036854775807,N/A,536870911,MOD,4538,write,144,N/A,62914560,-1,0.003030,4194304,-1,-1,-1,-1,1718735020.277021,36.337175,37.144572
POSIX,1000,ip-172-31-89-93,2,N/A,0,-1,9223372036854775807,N/A,536870911,MOD,4538,write,145,N/A,67108864,-1,0.002086,4194304,-1,-1,-1,-1,1718735020.280657,36.339261,37.149152
POSIX,1000,ip-172-31-89-93,2,N/A,0,-1,9223372036854775807,N/A,536870911,MOD,4538,write,146,N/A,71303168,-1,0.002666,4194304,-1,-1,-1,-1,1718735020.283715,36.341927,37.151629
POSIX,1000,ip-172-31-89-93,2,N/A,0,-1,9223372036854775807,N/A,536870911,MOD,4538,write,147,N/A,75497472,-1,0.002087,4194304,-1,-1,-1,-1,1718735020.287353,36.344014,37.155847
POSIX,1000,ip-172-31-89-93,2,N/A,0,-1,9223372036854775807,N/A,536870911,MOD,4538,write,148,N/A,79691776,-1,0.002125,4194304,-1,-1,-1,-1,1718735020.290477,36.346139,37.158933
POSIX,1000,ip-172-31-89-93,2,N/A,0,-1,9223372036854775807,N/A,536870911,MOD,4538,write,149,N/A,83886080,-1,0.002417,4194304,-1,-1,-1,-1,1718735020.294265,36.348555,37.162429
POSIX,1000,ip-172-31-89-93,2,N/A,0,-1,9223372036854775807,N/A,536870911,MOD,4538,write,150,N/A,88080384,-1,0.003086,4194304,-1,-1,-1,-1,1718735020.298002,36.351641,37.165497
POSIX,1000,ip-172-31-89-93,2,N/A,0,-1,9223372036854775807,N/A,536870911,MOD,4538,write,151,N/A,92274688,-1,0.002822,4194304,-1,-1,-1,-1,1718735020.301315,36.354464,37.169073
POSIX,1000,ip-172-31-89-93,2,N/A,0,-1,9223372036854775807,N/A,536870911,MOD,4538,write,152,N/A,96468992,-1,0.002421,4194304,-1,-1,-1,-1,1718735020.305039,36.356884,37.173199
POSIX,1000,ip-172-31-89-93,2,N/A,0,-1,9223372036854775807,N/A,536870911,MOD,4538,write,153,N/A,100663296,-1,0.003010,4194304,-1,-1,-1,-1,1718735020.308587,36.359895,37.176157
POSIX,1000,ip-172-31-89-93,2,N/A,0,-1,9223372036854775807,N/A,536870911,MOD,4538,write,154,N/A,104857600,-1,0.002308,4194304,-1,-1,-1,-1,1718735020.311395,36.362203,37.179668
POSIX,1000,ip-172-31-89-93,2,N/A,0,-1,9223372036854775807,N/A,536870911,MOD,4538,write,155,N/A,109051904,-1,0.003180,4194304,-1,-1,-1,-1,1718735020.314774,36.365383,37.182175
POSIX,1000,ip-172-31-89-93,2,N/A,0,-1,9223372036854775807,N/A,536870911,MOD,4538,write,156,N/A,113246208,-1,0.002258,4194304,-1,-1,-1,-1,1718735020.318476,36.367641,37.186799
POSIX,1000,ip-172-31-89-93,2,N/A,0,-1,9223372036854775807,N/A,536870911,MOD,4538,write,157,N/A,117440512,-1,0.003200,4194304,-1,-1,-1,-1,1718735020.322181,36.370841,37.189562
POSIX,1000,ip-172-31-89-93,2,N/A,0,-1,9223372036854775807,N/A,536870911,MOD,4538,write,158,N/A,121634816,-1,0.002125,4194304,-1,-1,-1,-1,1718735020.325627,36.372966,37.194083
POSIX,1000,ip-172-31-89-93,2,N/A,0,-1,9223372036854775807,N/A,536870911,MOD,4538,write,159,N/A,125829120,-1,0.002658,4194304,-1,-1,-1,-1,1718735020.328774,36.375624,37.196697
POSIX,1000,ip-172-31-89-93,2,N/A,0,-1,9223372036854775807,N/A,536870911,MOD,4538,write,160,N/A,130023424,-1,0.002151,4194304,-1,-1,-1,-1,1718735020.332401,36.377775,37.200832
POSIX,1000,ip-172-31-89-93,2,N/A,0,-1,9223372036854775807,N/A,536870911,MOD,4538,write,161,N/A,134217728,-1,0.003484,4194304,-1,-1,-1,-1,1718735020.337282,36.381258,37.204379
POSIX,1000,ip-172-31-89-93,2,N/A,0,-1,9223372036854775807,N/A,536870911,MOD,4538,write,162,N/A,138412032,-1,0.002067,4194304,-1,-1,-1,-1,1718735020.339825,36.383326,37.208339
POSIX,1000,ip-172-31-89-93,2,N/A,0,-1,9223372036854775807,N/A,536870911,MOD,4538,write,163,N/A,142606336,-1,0.002347,4194304,-1,-1,-1,-1,1718735020.342367,36.385673,37.210601
POSIX,1000,ip-172-31-89-93,2,N/A,0,-1,9223372036854775807,N/A,536870911,MOD,4538,write,164,N/A,146800640,-1,0.003317,4194304,-1,-1,-1,-1,1718735020.347029,36.388990,37.214293
POSIX,1000,ip-172-31-89-93,2,N/A,0,-1,9223372036854775807,N/A,536870911,MOD,4538,write,165,N/A,150994944,-1,0.002744,4194304,-1,-1,-1,-1,1718735020.350265,36.391734,37.218101
POSIX,1000,ip-172-31-89-93,2,N/A,0,-1,9223372036854775807,N/A,536870911,MOD,4538,write,166,N/A,155189248,-1,0.002404,4194304,-1,-1,-1,-1,1718735020.354036,36.394138,37.222213
POSIX,1000,ip-172-31-89-93,2,N/A,0,-1,9223372036854775807,N/A,536870911,MOD,4538,write,167,N/A,159383552,-1,0.002147,4194304,-1,-1,-1,-1,1718735020.357639,36.396285,37.226074
POSIX,1000,ip-172-31-89-93,2,N/A,0,-1,9223372036854775807,N/A,536870911,MOD,4538,write,168,N/A,163577856,-1,0.002883,4194304,-1,-1,-1,-1,1718735020.360995,36.399168,37.228693
POSIX,1000,ip-172-31-89-93,2,N/A,0,-1,9223372036854775807,N/A,536870911,MOD,4538,write,169,N/A,167772160,-1,0.003173,4194304,-1,-1,-1,-1,1718735020.365373,36.402340,37.232781
POSIX,1000,ip-172-31-89-93,2,N/A,0,-1,9223372036854775807,N/A,536870911,MOD,4538,write,170,N/A,171966464,-1,0.002157,4194304,-1,-1,-1,-1,1718735020.368002,36.404497,37.236427
POSIX,1000,ip-172-31-89-93,2,N/A,0,-1,9223372036854775807,N/A,536870911,MOD,4538,write,171,N/A,176160768,-1,0.004069,4194304,-1,-1,-1,-1,1718735020.372256,36.408566,37.238768
POSIX,1000,ip-172-31-89-93,2,N/A,0,-1,9223372036854775807,N/A,536870911,MOD,4538,write,172,N/A,180355072,-1,0.002256,4194304,-1,-1,-1,-1,1718735020.374762,36.410823,37.243086
POSIX,1000,ip-172-31-89-93,2,N/A,0,-1,9223372036854775807,N/A,536870911,MOD,4538,write,173,N/A,184549376,-1,0.003263,4194304,-1,-1,-1,-1,1718735020.378232,36.414086,37.245549
POSIX,1000,ip-172-31-89-93,2,N/A,0,-1,9223372036854775807,N/A,536870911,MOD,4538,write,174,N/A,188743680,-1,0.004216,4194304,-1,-1,-1,-1,1718735020.382749,36.418302,37.249114
POSIX,1000,ip-172-31-89-93,2,N/A,0,-1,9223372036854775807,N/A,536870911,MOD,4538,write,175,N/A,192937984,-1,0.002049,4194304,-1,-1,-1,-1,1718735020.385084,36.420351,37.253616
POSIX,1000,ip-172-31-89-93,2,N/A,0,-1,9223372036854775807,N/A,536870911,MOD,4538,write,176,N/A,197132288,-1,0.090438,4194304,-1,-1,-1,-1,1718735020.475753,36.510789,37.255896
POSIX,1000,ip-172-31-89-93,2,N/A,0,-1,9223372036854775807,N/A,536870911,MOD,4538,write,177,N/A,201326592,-1,0.202020,4194304,-1,-1,-1,-1,1718735020.678430,36.712809,37.346992
POSIX,1000,ip-172-31-89-93,2,N/A,0,-1,9223372036854775807,N/A,536870911,MOD,4538,write,178,N/A,205520896,-1,0.296264,4194304,-1,-1,-1,-1,1718735020.976403,37.009073,37.550720
POSIX,1000,ip-172-31-89-93,2,N/A,0,-1,9223372036854775807,N/A,536870911,MOD,4538,write,179,N/A,209715200,-1,0.233693,4194304,-1,-1,-1,-1,1718735021.210540,37.242766,37.847428
POSIX,1000,ip-172-31-89-93,2,N/A,0,-1,9223372036854775807,N/A,536870911,MOD,4538,write,180,N/A,213909504,-1,0.279307,4194304,-1,-1,-1,-1,1718735021.490353,37.522073,38.081627
POSIX,1000,ip-172-31-89-93,2,N/A,0,-1,9223372036854775807,N/A,536870911,MOD,4538,write,181,N/A,218103808,-1,0.275328,4194304,-1,-1,-1,-1,1718735021.768023,37.797400,38.363276
POSIX,1000,ip-172-31-89-93,2,N/A,0,-1,9223372036854775807,N/A,536870911,MOD,4538,write,182,N/A,222298112,-1,0.245060,4194304,-1,-1,-1,-1,1718735022.013403,38.042460,38.638924
POSIX,1000,ip-172-31-89-93,2,N/A,0,-1,9223372036854775807,N/A,536870911,MOD,4538,write,183,N/A,226492416,-1,0.304438,4194304,-1,-1,-1,-1,1718735022.319388,38.346899,38.885531
POSIX,1000,ip-172-31-89-93,2,N/A,0,-1,9223372036854775807,N/A,536870911,MOD,4538,write,184,N/A,230686720,-1,0.292585,4194304,-1,-1,-1,-1,1718735022.612365,38.639484,39.190361
POSIX,1000,ip-172-31-89-93,2,N/A,0,-1,9223372036854775807,N/A,536870911,MOD,4538,write,185,N/A,234881024,-1,0.309758,4194304,-1,-1,-1,-1,1718735022.923833,38.949242,39.484655
POSIX,1000,ip-172-31-89-93,2,N/A,0,-1,9223372036854775807,N/A,536870911,MOD,4538,write,186,N/A,239075328,-1,0.270616,4194304,-1,-1,-1,-1,1718735023.194776,39.219858,39.794741
POSIX,1000,ip-172-31-89-93,2,N/A,0,-1,9223372036854775807,N/A,536870911,MOD,4538,write,187,N/A,243269632,-1,0.237309,4194304,-1,-1,-1,-1,1718735023.432550,39.457167,40.065823
POSIX,1000,ip-172-31-89-93,2,N/A,0,-1,9223372036854775807,N/A,536870911,MOD,4538,write,188,N/A,247463936,-1,0.225240,4194304,-1,-1,-1,-1,1718735023.658231,39.682407,40.303571
POSIX,1000,ip-172-31-89-93,2,N/A,0,-1,9223372036854775807,N/A,536870911,MOD,4538,write,189,N/A,251658240,-1,0.190776,4194304,-1,-1,-1,-1,1718735023.849426,39.873183,40.529231
POSIX,1000,ip-172-31-89-93,2,N/A,0,-1,9223372036854775807,N/A,536870911,MOD,4538,write,190,N/A,255852544,-1,0.224076,4194304,-1,-1,-1,-1,1718735024.075001,40.097260,40.721505
POSIX,1000,ip-172-31-89-93,2,N/A,0,-1,9223372036854775807,N/A,536870911,MOD,4538,write,191,N/A,260046848,-1,0.170107,4194304,-1,-1,-1,-1,1718735024.245379,40.267367,40.945853
POSIX,1000,ip-172-31-89-93,2,N/A,0,-1,9223372036854775807,N/A,536870911,MOD,4538,write,192,N/A,264241152,-1,0.197500,4194304,-1,-1,-1,-1,1718735024.443354,40.464867,41.116435
POSIX,1000,ip-172-31-89-93,2,N/A,0,-1,9223372036854775807,N/A,536870911,MOD,4538,write,193,N/A,268435456,-1,0.151106,4194304,-1,-1,-1,-1,1718735024.595771,40.615973,41.315246
POSIX,1000,ip-172-31-89-93,2,N/A,0,-1,9223372036854775807,N/A,536870911,MOD,4538,write,194,N/A,272629760,-1,0.166389,4194304,-1,-1,-1,-1,1718735024.762592,40.782362,41.466784
POSIX,1000,ip-172-31-89-93,2,N/A,0,-1,9223372036854775807,N/A,536870911,MOD,4538,write,195,N/A,276824064,-1,0.181361,4194304,-1,-1,-1,-1,1718735024.944572,40.963722,41.633792
POSIX,1000,ip-172-31-89-93,2,N/A,0,-1,9223372036854775807,N/A,536870911,MOD,4538,write,196,N/A,281018368,-1,0.159354,4194304,-1,-1,-1,-1,1718735025.104368,41.123077,41.815595
POSIX,1000,ip-172-31-89-93,2,N/A,0,-1,9223372036854775807,N/A,536870911,MOD,4538,write,197,N/A,285212672,-1,0.194685,4194304,-1,-1,-1,-1,1718735025.300238,41.317762,41.976134
POSIX,1000,ip-172-31-89-93,2,N/A,0,-1,9223372036854775807,N/A,536870911,MOD,4538,write,198,N/A,289406976,-1,0.171749,4194304,-1,-1,-1,-1,1718735025.472424,41.489511,42.171256
POSIX,1000,ip-172-31-89-93,2,N/A,0,-1,9223372036854775807,N/A,536870911,MOD,4538,write,199,N/A,293601280,-1,0.191750,4194304,-1,-1,-1,-1,1718735025.665539,41.681260,42.344371
POSIX,1000,ip-172-31-89-93,2,N/A,0,-1,9223372036854775807,N/A,536870911,MOD,4538,write,200,N/A,297795584,-1,0.203658,4194304,-1,-1,-1,-1,1718735025.869601,41.884918,42.536524
POSIX,1000,ip-172-31-89-93,2,N/A,0,-1,9223372036854775807,N/A,536870911,MOD,4538,write,201,N/A,301989888,-1,0.188430,4194304,-1,-1,-1,-1,1718735026.058348,42.073349,42.740498
POSIX,1000,ip-172-31-89-93,2,N/A,0,-1,9223372036854775807,N/A,536870911,MOD,4538,write,202,N/A,306184192,-1,0.203656,4194304,-1,-1,-1,-1,1718735026.262425,42.277004,42.929350
POSIX,1000,ip-172-31-89-93,2,N/A,0,-1,9223372036854775807,N/A,536870911,MOD,4538,write,203,N/A,310378496,-1,0.173400,4194304,-1,-1,-1,-1,1718735026.438398,42.450404,43.135580
POSIX,1000,ip-172-31-89-93,2,N/A,0,-1,9223372036854775807,N/A,536870911,MOD,4538,write,204,N/A,314572800,-1,0.204462,4194304,-1,-1,-1,-1,1718735026.644368,42.654866,43.310487
POSIX,1000,ip-172-31-89-93,2,N/A,0,-1,9223372036854775807,N/A,536870911,MOD,4538,write,205,N/A,318767104,-1,0.182114,4194304,-1,-1,-1,-1,1718735026.829148,42.836980,43.517614
POSIX,1000,ip-172-31-89-93,2,N/A,0,-1,9223372036854775807,N/A,536870911,MOD,4538,write,206,N/A,322961408,-1,0.188768,4194304,-1,-1,-1,-1,1718735027.019425,43.025748,43.701239
POSIX,1000,ip-172-31-89-93,2,N/A,0,-1,9223372036854775807,N/A,536870911,MOD,4538,write,207,N/A,327155712,-1,0.193532,4194304,-1,-1,-1,-1,1718735027.215398,43.219280,43.892447
POSIX,1000,ip-172-31-89-93,2,N/A,0,-1,9223372036854775807,N/A,536870911,MOD,4538,write,208,N/A,331350016,-1,0.190700,4194304,-1,-1,-1,-1,1718735027.406376,43.409980,44.086257
POSIX,1000,ip-172-31-89-93,2,N/A,0,-1,9223372036854775807,N/A,536870911,MOD,4538,write,209,N/A,335544320,-1,0.197787,4194304,-1,-1,-1,-1,1718735027.604567,43.607767,44.277360
POSIX,1000,ip-172-31-89-93,2,N/A,0,-1,9223372036854775807,N/A,536870911,MOD,4538,write,210,N/A,339738624,-1,0.185418,4194304,-1,-1,-1,-1,1718735027.790430,43.793185,44.475593
POSIX,1000,ip-172-31-89-93,2,N/A,0,-1,9223372036854775807,N/A,536870911,MOD,4538,write,211,N/A,343932928,-1,0.210796,4194304,-1,-1,-1,-1,1718735028.002533,44.003981,44.662318
POSIX,1000,ip-172-31-89-93,2,N/A,0,-1,9223372036854775807,N/A,536870911,MOD,4538,write,212,N/A,348127232,-1,0.184599,4194304,-1,-1,-1,-1,1718735028.187381,44.188581,44.873362
POSIX,1000,ip-172-31-89-93,2,N/A,0,-1,9223372036854775807,N/A,536870911,MOD,4538,write,213,N/A,352321536,-1,0.208571,4194304,-1,-1,-1,-1,1718735028.396356,44.397151,45.058366
POSIX,1000,ip-172-31-89-93,2,N/A,0,-1,9223372036854775807,N/A,536870911,MOD,4538,write,214,N/A,356515840,-1,0.186909,4194304,-1,-1,-1,-1,1718735028.584611,44.584060,45.268283
POSIX,1000,ip-172-31-89-93,2,N/A,0,-1,9223372036854775807,N/A,536870911,MOD,4538,write,215,N/A,360710144,-1,0.200784,4194304,-1,-1,-1,-1,1718735028.786400,44.784845,45.456197
POSIX,1000,ip-172-31-89-93,2,N/A,0,-1,9223372036854775807,N/A,536870911,MOD,4538,write,216,N/A,364904448,-1,0.209544,4194304,-1,-1,-1,-1,1718735028.996381,44.994389,45.657418
POSIX,1000,ip-172-31-89-93,2,N/A,0,-1,9223372036854775807,N/A,536870911,MOD,4538,write,217,N/A,369098752,-1,0.194721,4194304,-1,-1,-1,-1,1718735029.192357,45.189110,45.868216
POSIX,1000,ip-172-31-89-93,2,N/A,0,-1,9223372036854775807,N/A,536870911,MOD,4538,write,218,N/A,373293056,-1,0.205636,4194304,-1,-1,-1,-1,1718735029.401489,45.394746,46.066434
POSIX,1000,ip-172-31-89-93,2,N/A,0,-1,9223372036854775807,N/A,536870911,MOD,4538,write,219,N/A,377487360,-1,0.189488,4194304,-1,-1,-1,-1,1718735029.591403,45.584235,46.272495
POSIX,1000,ip-172-31-89-93,2,N/A,0,-1,9223372036854775807,N/A,536870911,MOD,4538,write,220,N/A,381681664,-1,0.205603,4194304,-1,-1,-1,-1,1718735029.798380,45.789838,46.463358
POSIX,1000,ip-172-31-89-93,2,N/A,0,-1,9223372036854775807,N/A,536870911,MOD,4538,write,221,N/A,385875968,-1,0.189455,4194304,-1,-1,-1,-1,1718735029.989358,45.979293,46.670484
POSIX,1000,ip-172-31-89-93,2,N/A,0,-1,9223372036854775807,N/A,536870911,MOD,4538,write,222,N/A,390070272,-1,0.198362,4194304,-1,-1,-1,-1,1718735030.188165,46.177655,46.860384
POSIX,1000,ip-172-31-89-93,2,N/A,0,-1,9223372036854775807,N/A,536870911,MOD,4538,write,223,N/A,394264576,-1,0.187996,4194304,-1,-1,-1,-1,1718735030.376590,46.365651,47.059175
POSIX,1000,ip-172-31-89-93,2,N/A,0,-1,9223372036854775807,N/A,536870911,MOD,4538,write,224,N/A,398458880,-1,0.206388,4194304,-1,-1,-1,-1,1718735030.583387,46.572039,47.247580
POSIX,1000,ip-172-31-89-93,2,N/A,0,-1,9223372036854775807,N/A,536870911,MOD,4538,write,225,N/A,402653184,-1,0.195657,4194304,-1,-1,-1,-1,1718735030.779366,46.767696,47.454289
POSIX,1000,ip-172-31-89-93,2,N/A,0,-1,9223372036854775807,N/A,536870911,MOD,4538,write,226,N/A,406847488,-1,0.194891,4194304,-1,-1,-1,-1,1718735030.977437,46.962587,47.653127
POSIX,1000,ip-172-31-89-93,2,N/A,0,-1,9223372036854775807,N/A,536870911,MOD,4538,write,227,N/A,411041792,-1,0.199433,4194304,-1,-1,-1,-1,1718735031.179410,47.162021,47.850557
POSIX,1000,ip-172-31-89-93,2,N/A,0,-1,9223372036854775807,N/A,536870911,MOD,4538,write,228,N/A,415236096,-1,0.201815,4194304,-1,-1,-1,-1,1718735031.383389,47.363836,48.052155
POSIX,1000,ip-172-31-89-93,2,N/A,0,-1,9223372036854775807,N/A,536870911,MOD,4538,write,229,N/A,419430400,-1,0.205922,4194304,-1,-1,-1,-1,1718735031.589764,47.569758,48.254423
POSIX,1000,ip-172-31-89-93,2,N/A,0,-1,9223372036854775807,N/A,536870911,MOD,4538,write,230,N/A,423624704,-1,0.191346,4194304,-1,-1,-1,-1,1718735031.781524,47.761103,48.460759
POSIX,1000,ip-172-31-89-93,2,N/A,0,-1,9223372036854775807,N/A,536870911,MOD,4538,write,231,N/A,427819008,-1,0.209574,4194304,-1,-1,-1,-1,1718735031.991415,47.970678,48.652422
POSIX,1000,ip-172-31-89-93,2,N/A,0,-1,9223372036854775807,N/A,536870911,MOD,4538,write,232,N/A,432013312,-1,0.196330,4194304,-1,-1,-1,-1,1718735032.189927,48.167007,48.864178
POSIX,1000,ip-172-31-89-93,2,N/A,0,-1,9223372036854775807,N/A,536870911,MOD,4538,write,233,N/A,436207616,-1,0.204143,4194304,-1,-1,-1,-1,1718735032.395368,48.371150,49.061807
POSIX,1000,ip-172-31-89-93,2,N/A,0,-1,9223372036854775807,N/A,536870911,MOD,4538,write,234,N/A,440401920,-1,0.199591,4194304,-1,-1,-1,-1,1718735032.595363,48.570741,49.266353
POSIX,1000,ip-172-31-89-93,2,N/A,0,-1,9223372036854775807,N/A,536870911,MOD,4538,write,235,N/A,444596224,-1,0.196520,4194304,-1,-1,-1,-1,1718735032.793415,48.767261,49.467476
POSIX,1000,ip-172-31-89-93,2,N/A,0,-1,9223372036854775807,N/A,536870911,MOD,4538,write,236,N/A,448790528,-1,0.212501,4194304,-1,-1,-1,-1,1718735033.006388,48.979762,49.664468
POSIX,1000,ip-172-31-89-93,2,N/A,0,-1,9223372036854775807,N/A,536870911,MOD,4538,write,237,N/A,452984832,-1,0.204631,4194304,-1,-1,-1,-1,1718735033.213367,49.184393,49.879317
POSIX,1000,ip-172-31-89-93,2,N/A,0,-1,9223372036854775807,N/A,536870911,MOD,4538,write,238,N/A,457179136,-1,0.201000,4194304,-1,-1,-1,-1,1718735033.415900,49.385394,50.085480
POSIX,1000,ip-172-31-89-93,2,N/A,0,-1,9223372036854775807,N/A,536870911,MOD,4538,write,239,N/A,461373440,-1,0.197068,4194304,-1,-1,-1,-1,1718735033.613415,49.582461,50.286928
POSIX,1000,ip-172-31-89-93,2,N/A,0,-1,9223372036854775807,N/A,536870911,MOD,4538,write,240,N/A,465567744,-1,0.203483,4194304,-1,-1,-1,-1,1718735033.818394,49.785945,50.485492
POSIX,1000,ip-172-31-89-93,2,N/A,0,-1,9223372036854775807,N/A,536870911,MOD,4538,write,241,N/A,469762048,-1,0.204931,4194304,-1,-1,-1,-1,1718735034.025367,49.990875,50.691017
POSIX,1000,ip-172-31-89-93,2,N/A,0,-1,9223372036854775807,N/A,536870911,MOD,4538,write,242,N/A,473956352,-1,0.205658,4194304,-1,-1,-1,-1,1718735034.232345,50.196533,50.897268
POSIX,1000,ip-172-31-89-93,2,N/A,0,-1,9223372036854775807,N/A,536870911,MOD,4538,write,243,N/A,478150656,-1,0.196661,4194304,-1,-1,-1,-1,1718735034.430420,50.393195,51.104340
POSIX,1000,ip-172-31-89-93,2,N/A,0,-1,9223372036854775807,N/A,536870911,MOD,4538,write,244,N/A,482344960,-1,0.205662,4194304,-1,-1,-1,-1,1718735034.637398,50.598857,51.302317
POSIX,1000,ip-172-31-89-93,2,N/A,0,-1,9223372036854775807,N/A,536870911,MOD,4538,write,245,N/A,486539264,-1,0.206532,4194304,-1,-1,-1,-1,1718735034.844369,50.805388,51.508419
POSIX,1000,ip-172-31-89-93,2,N/A,0,-1,9223372036854775807,N/A,536870911,MOD,4538,write,246,N/A,490733568,-1,0.206304,4194304,-1,-1,-1,-1,1718735035.051347,51.011692,51.715624
POSIX,1000,ip-172-31-89-93,2,N/A,0,-1,9223372036854775807,N/A,536870911,MOD,4538,write,247,N/A,494927872,-1,0.197597,4194304,-1,-1,-1,-1,1718735035.250432,51.209289,51.923415
POSIX,1000,ip-172-31-89-93,2,N/A,0,-1,9223372036854775807,N/A,536870911,MOD,4538,write,248,N/A,499122176,-1,0.206636,4194304,-1,-1,-1,-1,1718735035.458592,51.415926,52.122536
POSIX,1000,ip-172-31-89-93,2,N/A,0,-1,9223372036854775807,N/A,536870911,MOD,4538,write,249,N/A,503316480,-1,0.205279,4194304,-1,-1,-1,-1,1718735035.664374,51.621205,52.329675
POSIX,1000,ip-172-31-89-93,2,N/A,0,-1,9223372036854775807,N/A,536870911,MOD,4538,write,250,N/A,507510784,-1,0.206846,4194304,-1,-1,-1,-1,1718735035.871536,51.828051,52.535271
POSIX,1000,ip-172-31-89-93,2,N/A,0,-1,9223372036854775807,N/A,536870911,MOD,4538,write,251,N/A,511705088,-1,0.197461,4194304,-1,-1,-1,-1,1718735036.069431,52.025512,52.742551
POSIX,1000,ip-172-31-89-93,2,N/A,0,-1,9223372036854775807,N/A,536870911,MOD,4538,write,252,N/A,515899392,-1,0.206509,4194304,-1,-1,-1,-1,1718735036.276396,52.232021,52.940469
POSIX,1000,ip-172-31-89-93,2,N/A,0,-1,9223372036854775807,N/A,536870911,MOD,4538,write,253,N/A,520093696,-1,0.206561,4194304,-1,-1,-1,-1,1718735036.483379,52.438582,53.147399
POSIX,1000,ip-172-31-89-93,2,N/A,0,-1,9223372036854775807,N/A,536870911,MOD,4538,write,254,N/A,524288000,-1,0.205457,4194304,-1,-1,-1,-1,1718735036.690353,52.644039,53.355477
POSIX,1000,ip-172-31-89-93,2,N/A,0,-1,9223372036854775807,N/A,536870911,MOD,4538,write,255,N/A,528482304,-1,0.197447,4194304,-1,-1,-1,-1,1718735036.888429,52.841485,53.561564
POSIX,1000,ip-172-31-89-93,2,N/A,0,-1,9223372036854775807,N/A,536870911,MOD,4538,write,256,N/A,532676608,-1,0.205514,4194304,-1,-1,-1,-1,1718735037.095454,53.046999,53.760521
POSIX,1000,ip-172-31-89-93,-1,N/A,0,-1,9223372036854775807,N/A,-1,MOD,4538,close,3,N/A,-1,-1,0.000007,-1,-1,-1,-1,-1,1718735049.707299,0.001160,66.577873
STDIO,1000,ip-172-31-89-93,-1,N/A,0,9,9223372036854775807,N/A,308,MOD,4538,write,7,N/A,309,-1,0.000001,0,-1,-1,-1,-1,1718735049.707882,0.003100,66.578462
POSIX,1000,ip-172-31-89-93,-1,/home/ubuntu/testFile.00000000,0,-1,9223372036854775807,/home/ubuntu/ior/src/ior,-1,MET,4538,open,4,darshan_data,-1,-1,0.000010,-1,-1,-1,-1,-1,1718735049.708196,0.001170,66.578767
POSIX,1000,ip-172-31-89-93,3,N/A,0,-1,9223372036854775807,N/A,536870911,MOD,4538,read,129,N/A,0,-1,0.001079,4194304,-1,-1,-1,-1,1718735049.709665,0.091582,66.579166
POSIX,1000,ip-172-31-89-93,3,N/A,0,-1,9223372036854775807,N/A,536870911,MOD,4538,read,130,N/A,4194304,-1,0.000589,4194304,-1,-1,-1,-1,1718735049.710582,0.092171,66.580574
POSIX,1000,ip-172-31-89-93,3,N/A,0,-1,9223372036854775807,N/A,536870911,MOD,4538,read,131,N/A,8388608,-1,0.000511,4194304,-1,-1,-1,-1,1718735049.711335,0.092682,66.581406
POSIX,1000,ip-172-31-89-93,3,N/A,0,-1,9223372036854775807,N/A,536870911,MOD,4538,read,132,N/A,12582912,-1,0.000484,4194304,-1,-1,-1,-1,1718735049.712115,0.093165,66.582212
POSIX,1000,ip-172-31-89-93,3,N/A,0,-1,9223372036854775807,N/A,536870911,MOD,4538,read,133,N/A,16777216,-1,0.000484,4194304,-1,-1,-1,-1,1718735049.712912,0.093650,66.583009
POSIX,1000,ip-172-31-89-93,3,N/A,0,-1,9223372036854775807,N/A,536870911,MOD,4538,read,134,N/A,20971520,-1,0.002664,4194304,-1,-1,-1,-1,1718735049.715856,0.096314,66.583773
POSIX,1000,ip-172-31-89-93,3,N/A,0,-1,9223372036854775807,N/A,536870911,MOD,4538,read,135,N/A,25165824,-1,0.000524,4194304,-1,-1,-1,-1,1718735049.716633,0.096838,66.586689
POSIX,1000,ip-172-31-89-93,3,N/A,0,-1,9223372036854775807,N/A,536870911,MOD,4538,read,136,N/A,29360128,-1,0.000502,4194304,-1,-1,-1,-1,1718735049.717368,0.097340,66.587446
POSIX,1000,ip-172-31-89-93,3,N/A,0,-1,9223372036854775807,N/A,536870911,MOD,4538,read,137,N/A,33554432,-1,0.000487,4194304,-1,-1,-1,-1,1718735049.718112,0.097827,66.588207
POSIX,1000,ip-172-31-89-93,3,N/A,0,-1,9223372036854775807,N/A,536870911,MOD,4538,read,138,N/A,37748736,-1,0.000478,4194304,-1,-1,-1,-1,1718735049.718886,0.098305,66.588989
POSIX,1000,ip-172-31-89-93,3,N/A,0,-1,9223372036854775807,N/A,536870911,MOD,4538,read,139,N/A,41943040,-1,0.001767,4194304,-1,-1,-1,-1,1718735049.720877,0.100072,66.589691
POSIX,1000,ip-172-31-89-93,3,N/A,0,-1,9223372036854775807,N/A,536870911,MOD,4538,read,140,N/A,46137344,-1,0.000478,4194304,-1,-1,-1,-1,1718735049.722850,0.100550,66.592952
POSIX,1000,ip-172-31-89-93,3,N/A,0,-1,9223372036854775807,N/A,536870911,MOD,4538,read,141,N/A,50331648,-1,0.000567,4194304,-1,-1,-1,-1,1718735049.723576,0.101117,66.593590
POSIX,1000,ip-172-31-89-93,3,N/A,0,-1,9223372036854775807,N/A,536870911,MOD,4538,read,142,N/A,54525952,-1,0.000488,4194304,-1,-1,-1,-1,1718735049.724392,0.101605,66.594485
POSIX,1000,ip-172-31-89-93,3,N/A,0,-1,9223372036854775807,N/A,536870911,MOD,4538,read,143,N/A,58720256,-1,0.000478,4194304,-1,-1,-1,-1,1718735049.725204,0.102083,66.595307
POSIX,1000,ip-172-31-89-93,3,N/A,0,-1,9223372036854775807,N/A,536870911,MOD,4538,read,144,N/A,62914560,-1,0.000485,4194304,-1,-1,-1,-1,1718735049.725880,0.102568,66.595976
POSIX,1000,ip-172-31-89-93,3,N/A,0,-1,9223372036854775807,N/A,536870911,MOD,4538,read,145,N/A,67108864,-1,0.000495,4194304,-1,-1,-1,-1,1718735049.727694,0.103062,66.597780
POSIX,1000,ip-172-31-89-93,3,N/A,0,-1,9223372036854775807,N/A,536870911,MOD,4538,read,146,N/A,71303168,-1,0.000576,4194304,-1,-1,-1,-1,1718735049.728452,0.103639,66.598456
POSIX,1000,ip-172-31-89-93,3,N/A,0,-1,9223372036854775807,N/A,536870911,MOD,4538,read,147,N/A,75497472,-1,0.000484,4194304,-1,-1,-1,-1,1718735049.729393,0.104122,66.599491
POSIX,1000,ip-172-31-89-93,3,N/A,0,-1,9223372036854775807,N/A,536870911,MOD,4538,read,148,N/A,79691776,-1,0.000478,4194304,-1,-1,-1,-1,1718735049.730213,0.104600,66.600316
POSIX,1000,ip-172-31-89-93,3,N/A,0,-1,9223372036854775807,N/A,536870911,MOD,4538,read,149,N/A,83886080,-1,0.000467,4194304,-1,-1,-1,-1,1718735049.730924,0.105067,66.601038
POSIX,1000,ip-172-31-89-93,3,N/A,0,-1,9223372036854775807,N/A,536870911,MOD,4538,read,150,N/A,88080384,-1,0.000581,4194304,-1,-1,-1,-1,1718735049.732739,0.105648,66.602739
POSIX,1000,ip-172-31-89-93,3,N/A,0,-1,9223372036854775807,N/A,536870911,MOD,4538,read,151,N/A,92274688,-1,0.000502,4194304,-1,-1,-1,-1,1718735049.733503,0.106150,66.603582
POSIX,1000,ip-172-31-89-93,3,N/A,0,-1,9223372036854775807,N/A,536870911,MOD,4538,read,152,N/A,96468992,-1,0.000547,4194304,-1,-1,-1,-1,1718735049.735499,0.106698,66.605533
POSIX,1000,ip-172-31-89-93,3,N/A,0,-1,9223372036854775807,N/A,536870911,MOD,4538,read,153,N/A,100663296,-1,0.000547,4194304,-1,-1,-1,-1,1718735049.736401,0.107245,66.606435
POSIX,1000,ip-172-31-89-93,3,N/A,0,-1,9223372036854775807,N/A,536870911,MOD,4538,read,154,N/A,104857600,-1,0.000547,4194304,-1,-1,-1,-1,1718735049.737559,0.107792,66.607592
POSIX,1000,ip-172-31-89-93,3,N/A,0,-1,9223372036854775807,N/A,536870911,MOD,4538,read,155,N/A,109051904,-1,0.000490,4194304,-1,-1,-1,-1,1718735049.738425,0.108283,66.608516
POSIX,1000,ip-172-31-89-93,3,N/A,0,-1,9223372036854775807,N/A,536870911,MOD,4538,read,156,N/A,113246208,-1,0.000598,4194304,-1,-1,-1,-1,1718735049.740336,0.108881,66.610318
POSIX,1000,ip-172-31-89-93,3,N/A,0,-1,9223372036854775807,N/A,536870911,MOD,4538,read,157,N/A,117440512,-1,0.000519,4194304,-1,-1,-1,-1,1718735049.741399,0.109400,66.611460
POSIX,1000,ip-172-31-89-93,3,N/A,0,-1,9223372036854775807,N/A,536870911,MOD,4538,read,158,N/A,121634816,-1,0.000468,4194304,-1,-1,-1,-1,1718735049.742139,0.109868,66.612252
POSIX,1000,ip-172-31-89-93,3,N/A,0,-1,9223372036854775807,N/A,536870911,MOD,4538,read,159,N/A,125829120,-1,0.000467,4194304,-1,-1,-1,-1,1718735049.743981,0.110335,66.614096
POSIX,1000,ip-172-31-89-93,3,N/A,0,-1,9223372036854775807,N/A,536870911,MOD,4538,read,160,N/A,130023424,-1,0.000535,4194304,-1,-1,-1,-1,1718735049.744673,0.110870,66.614719
POSIX,1000,ip-172-31-89-93,3,N/A,0,-1,9223372036854775807,N/A,536870911,MOD,4538,read,161,N/A,134217728,-1,0.000533,4194304,-1,-1,-1,-1,1718735049.745608,0.111403,66.615656
POSIX,1000,ip-172-31-89-93,3,N/A,0,-1,9223372036854775807,N/A,536870911,MOD,4538,read,162,N/A,138412032,-1,0.000473,4194304,-1,-1,-1,-1,1718735049.746267,0.111875,66.616375
POSIX,1000,ip-172-31-89-93,3,N/A,0,-1,9223372036854775807,N/A,536870911,MOD,4538,read,163,N/A,142606336,-1,0.000562,4194304,-1,-1,-1,-1,1718735049.748615,0.112437,66.618634
POSIX,1000,ip-172-31-89-93,3,N/A,0,-1,9223372036854775807,N/A,536870911,MOD,4538,read,164,N/A,146800640,-1,0.000540,4194304,-1,-1,-1,-1,1718735049.749563,0.112977,66.619604
POSIX,1000,ip-172-31-89-93,3,N/A,0,-1,9223372036854775807,N/A,536870911,MOD,4538,read,165,N/A,150994944,-1,0.000521,4194304,-1,-1,-1,-1,1718735049.750406,0.113498,66.620465
POSIX,1000,ip-172-31-89-93,3,N/A,0,-1,9223372036854775807,N/A,536870911,MOD,4538,read,166,N/A,155189248,-1,0.000468,4194304,-1,-1,-1,-1,1718735049.751117,0.113966,66.621230
POSIX,1000,ip-172-31-89-93,3,N/A,0,-1,9223372036854775807,N/A,536870911,MOD,4538,read,167,N/A,159383552,-1,0.001658,4194304,-1,-1,-1,-1,1718735049.753522,0.115624,66.622445
POSIX,1000,ip-172-31-89-93,3,N/A,0,-1,9223372036854775807,N/A,536870911,MOD,4538,read,168,N/A,163577856,-1,0.000482,4194304,-1,-1,-1,-1,1718735049.754302,0.116106,66.624401
POSIX,1000,ip-172-31-89-93,3,N/A,0,-1,9223372036854775807,N/A,536870911,MOD,4538,read,169,N/A,167772160,-1,0.000473,4194304,-1,-1,-1,-1,1718735049.754981,0.116578,66.625090
POSIX,1000,ip-172-31-89-93,3,N/A,0,-1,9223372036854775807,N/A,536870911,MOD,4538,read,170,N/A,171966464,-1,0.000486,4194304,-1,-1,-1,-1,1718735049.755799,0.117064,66.625894
POSIX,1000,ip-172-31-89-93,3,N/A,0,-1,9223372036854775807,N/A,536870911,MOD,4538,read,171,N/A,176160768,-1,0.000470,4194304,-1,-1,-1,-1,1718735049.757201,0.117535,66.627311
POSIX,1000,ip-172-31-89-93,3,N/A,0,-1,9223372036854775807,N/A,536870911,MOD,4538,read,172,N/A,180355072,-1,0.000520,4194304,-1,-1,-1,-1,1718735049.757905,0.118054,66.627966
POSIX,1000,ip-172-31-89-93,3,N/A,0,-1,9223372036854775807,N/A,536870911,MOD,4538,read,173,N/A,184549376,-1,0.000468,4194304,-1,-1,-1,-1,1718735049.759160,0.118522,66.629273
POSIX,1000,ip-172-31-89-93,3,N/A,0,-1,9223372036854775807,N/A,536870911,MOD,4538,read,174,N/A,188743680,-1,0.000507,4194304,-1,-1,-1,-1,1718735049.760847,0.119029,66.630922
POSIX,1000,ip-172-31-89-93,3,N/A,0,-1,9223372036854775807,N/A,536870911,MOD,4538,read,175,N/A,192937984,-1,0.000503,4194304,-1,-1,-1,-1,1718735049.761652,0.119532,66.631731
POSIX,1000,ip-172-31-89-93,3,N/A,0,-1,9223372036854775807,N/A,536870911,MOD,4538,read,176,N/A,197132288,-1,0.000622,4194304,-1,-1,-1,-1,1718735049.762449,0.120153,66.632408
POSIX,1000,ip-172-31-89-93,3,N/A,0,-1,9223372036854775807,N/A,536870911,MOD,4538,read,177,N/A,201326592,-1,0.001797,4194304,-1,-1,-1,-1,1718735049.764702,0.121950,66.633486
POSIX,1000,ip-172-31-89-93,3,N/A,0,-1,9223372036854775807,N/A,536870911,MOD,4538,read,178,N/A,205520896,-1,0.000542,4194304,-1,-1,-1,-1,1718735049.765718,0.122493,66.635757
POSIX,1000,ip-172-31-89-93,3,N/A,0,-1,9223372036854775807,N/A,536870911,MOD,4538,read,179,N/A,209715200,-1,0.000491,4194304,-1,-1,-1,-1,1718735049.766396,0.122983,66.636486
POSIX,1000,ip-172-31-89-93,3,N/A,0,-1,9223372036854775807,N/A,536870911,MOD,4538,read,180,N/A,213909504,-1,0.000570,4194304,-1,-1,-1,-1,1718735049.767474,0.123554,66.637485
POSIX,1000,ip-172-31-89-93,3,N/A,0,-1,9223372036854775807,N/A,536870911,MOD,4538,read,181,N/A,218103808,-1,0.000521,4194304,-1,-1,-1,-1,1718735049.768475,0.124075,66.638535
POSIX,1000,ip-172-31-89-93,3,N/A,0,-1,9223372036854775807,N/A,536870911,MOD,4538,read,182,N/A,222298112,-1,0.000490,4194304,-1,-1,-1,-1,1718735049.769199,0.124565,66.639290
POSIX,1000,ip-172-31-89-93,3,N/A,0,-1,9223372036854775807,N/A,536870911,MOD,4538,read,183,N/A,226492416,-1,0.000518,4194304,-1,-1,-1,-1,1718735049.769921,0.125082,66.639985
POSIX,1000,ip-172-31-89-93,3,N/A,0,-1,9223372036854775807,N/A,536870911,MOD,4538,read,184,N/A,230686720,-1,0.000488,4194304,-1,-1,-1,-1,1718735049.771369,0.125571,66.641462
POSIX,1000,ip-172-31-89-93,3,N/A,0,-1,9223372036854775807,N/A,536870911,MOD,4538,read,185,N/A,234881024,-1,0.000471,4194304,-1,-1,-1,-1,1718735049.772300,0.126041,66.642410
POSIX,1000,ip-172-31-89-93,3,N/A,0,-1,9223372036854775807,N/A,536870911,MOD,4538,read,186,N/A,239075328,-1,0.000694,4194304,-1,-1,-1,-1,1718735049.774449,0.126735,66.644336
POSIX,1000,ip-172-31-89-93,3,N/A,0,-1,9223372036854775807,N/A,536870911,MOD,4538,read,187,N/A,243269632,-1,0.000567,4194304,-1,-1,-1,-1,1718735049.775211,0.127301,66.645225
POSIX,1000,ip-172-31-89-93,3,N/A,0,-1,9223372036854775807,N/A,536870911,MOD,4538,read,188,N/A,247463936,-1,0.000534,4194304,-1,-1,-1,-1,1718735049.776246,0.127835,66.646293
POSIX,1000,ip-172-31-89-93,3,N/A,0,-1,9223372036854775807,N/A,536870911,MOD,4538,read,189,N/A,251658240,-1,0.000609,4194304,-1,-1,-1,-1,1718735049.778284,0.128444,66.648256
POSIX,1000,ip-172-31-89-93,3,N/A,0,-1,9223372036854775807,N/A,536870911,MOD,4538,read,190,N/A,255852544,-1,0.000747,4194304,-1,-1,-1,-1,1718735049.779242,0.129191,66.649076
POSIX,1000,ip-172-31-89-93,3,N/A,0,-1,9223372036854775807,N/A,536870911,MOD,4538,read,191,N/A,260046848,-1,0.000808,4194304,-1,-1,-1,-1,1718735049.780541,0.129998,66.650314
POSIX,1000,ip-172-31-89-93,3,N/A,0,-1,9223372036854775807,N/A,536870911,MOD,4538,read,192,N/A,264241152,-1,0.000631,4194304,-1,-1,-1,-1,1718735049.781538,0.130630,66.651487
POSIX,1000,ip-172-31-89-93,3,N/A,0,-1,9223372036854775807,N/A,536870911,MOD,4538,read,193,N/A,268435456,-1,0.000570,4194304,-1,-1,-1,-1,1718735049.782300,0.131199,66.652311
POSIX,1000,ip-172-31-89-93,3,N/A,0,-1,9223372036854775807,N/A,536870911,MOD,4538,read,194,N/A,272629760,-1,0.000594,4194304,-1,-1,-1,-1,1718735049.784647,0.131793,66.654634
POSIX,1000,ip-172-31-89-93,3,N/A,0,-1,9223372036854775807,N/A,536870911,MOD,4538,read,195,N/A,276824064,-1,0.000638,4194304,-1,-1,-1,-1,1718735049.785472,0.132432,66.655415
POSIX,1000,ip-172-31-89-93,3,N/A,0,-1,9223372036854775807,N/A,536870911,MOD,4538,read,196,N/A,281018368,-1,0.000494,4194304,-1,-1,-1,-1,1718735049.786335,0.132925,66.656422
POSIX,1000,ip-172-31-89-93,3,N/A,0,-1,9223372036854775807,N/A,536870911,MOD,4538,read,197,N/A,285212672,-1,0.001659,4194304,-1,-1,-1,-1,1718735049.788358,0.134584,66.657280
POSIX,1000,ip-172-31-89-93,3,N/A,0,-1,9223372036854775807,N/A,536870911,MOD,4538,read,198,N/A,289406976,-1,0.000471,4194304,-1,-1,-1,-1,1718735049.789018,0.135056,66.659128
POSIX,1000,ip-172-31-89-93,3,N/A,0,-1,9223372036854775807,N/A,536870911,MOD,4538,read,199,N/A,293601280,-1,0.000478,4194304,-1,-1,-1,-1,1718735049.789997,0.135533,66.660101
POSIX,1000,ip-172-31-89-93,3,N/A,0,-1,9223372036854775807,N/A,536870911,MOD,4538,read,200,N/A,297795584,-1,0.000526,4194304,-1,-1,-1,-1,1718735049.791601,0.136059,66.661657
POSIX,1000,ip-172-31-89-93,3,N/A,0,-1,9223372036854775807,N/A,536870911,MOD,4538,read,201,N/A,301989888,-1,0.000513,4194304,-1,-1,-1,-1,1718735049.792283,0.136571,66.662351
POSIX,1000,ip-172-31-89-93,3,N/A,0,-1,9223372036854775807,N/A,536870911,MOD,4538,read,202,N/A,306184192,-1,0.000469,4194304,-1,-1,-1,-1,1718735049.793107,0.137041,66.663219
POSIX,1000,ip-172-31-89-93,3,N/A,0,-1,9223372036854775807,N/A,536870911,MOD,4538,read,203,N/A,310378496,-1,0.001625,4194304,-1,-1,-1,-1,1718735049.795236,0.138666,66.664191
POSIX,1000,ip-172-31-89-93,3,N/A,0,-1,9223372036854775807,N/A,536870911,MOD,4538,read,204,N/A,314572800,-1,0.000470,4194304,-1,-1,-1,-1,1718735049.796103,0.139136,66.666214
POSIX,1000,ip-172-31-89-93,3,N/A,0,-1,9223372036854775807,N/A,536870911,MOD,4538,read,205,N/A,318767104,-1,0.000497,4194304,-1,-1,-1,-1,1718735049.796772,0.139633,66.666855
POSIX,1000,ip-172-31-89-93,3,N/A,0,-1,9223372036854775807,N/A,536870911,MOD,4538,read,206,N/A,322961408,-1,0.000497,4194304,-1,-1,-1,-1,1718735049.797775,0.140130,66.667860
POSIX,1000,ip-172-31-89-93,3,N/A,0,-1,9223372036854775807,N/A,536870911,MOD,4538,read,207,N/A,327155712,-1,0.000488,4194304,-1,-1,-1,-1,1718735049.799841,0.140618,66.669934
POSIX,1000,ip-172-31-89-93,3,N/A,0,-1,9223372036854775807,N/A,536870911,MOD,4538,read,208,N/A,331350016,-1,0.000519,4194304,-1,-1,-1,-1,1718735049.800540,0.141138,66.670602
POSIX,1000,ip-172-31-89-93,3,N/A,0,-1,9223372036854775807,N/A,536870911,MOD,4538,read,209,N/A,335544320,-1,0.000490,4194304,-1,-1,-1,-1,1718735049.801379,0.141628,66.671470
POSIX,1000,ip-172-31-89-93,3,N/A,0,-1,9223372036854775807,N/A,536870911,MOD,4538,read,210,N/A,339738624,-1,0.000471,4194304,-1,-1,-1,-1,1718735049.802157,0.142098,66.672268
POSIX,1000,ip-172-31-89-93,3,N/A,0,-1,9223372036854775807,N/A,536870911,MOD,4538,read,211,N/A,343932928,-1,0.000468,4194304,-1,-1,-1,-1,1718735049.803119,0.142566,66.673232
POSIX,1000,ip-172-31-89-93,3,N/A,0,-1,9223372036854775807,N/A,536870911,MOD,4538,read,212,N/A,348127232,-1,0.001424,4194304,-1,-1,-1,-1,1718735049.804967,0.143990,66.674124
POSIX,1000,ip-172-31-89-93,3,N/A,0,-1,9223372036854775807,N/A,536870911,MOD,4538,read,213,N/A,352321536,-1,0.000511,4194304,-1,-1,-1,-1,1718735049.805656,0.144501,66.675725
POSIX,1000,ip-172-31-89-93,3,N/A,0,-1,9223372036854775807,N/A,536870911,MOD,4538,read,214,N/A,356515840,-1,0.000546,4194304,-1,-1,-1,-1,1718735049.807474,0.145047,66.677509
POSIX,1000,ip-172-31-89-93,3,N/A,0,-1,9223372036854775807,N/A,536870911,MOD,4538,read,215,N/A,360710144,-1,0.000510,4194304,-1,-1,-1,-1,1718735049.808311,0.145557,66.678382
POSIX,1000,ip-172-31-89-93,3,N/A,0,-1,9223372036854775807,N/A,536870911,MOD,4538,read,216,N/A,364904448,-1,0.000513,4194304,-1,-1,-1,-1,1718735049.809122,0.146070,66.679190
POSIX,1000,ip-172-31-89-93,3,N/A,0,-1,9223372036854775807,N/A,536870911,MOD,4538,read,217,N/A,369098752,-1,0.000530,4194304,-1,-1,-1,-1,1718735049.809832,0.146600,66.679883
POSIX,1000,ip-172-31-89-93,3,N/A,0,-1,9223372036854775807,N/A,536870911,MOD,4538,read,218,N/A,373293056,-1,0.000503,4194304,-1,-1,-1,-1,1718735049.811673,0.147103,66.681751
POSIX,1000,ip-172-31-89-93,3,N/A,0,-1,9223372036854775807,N/A,536870911,MOD,4538,read,219,N/A,377487360,-1,0.000604,4194304,-1,-1,-1,-1,1718735049.812453,0.147707,66.682430
POSIX,1000,ip-172-31-89-93,3,N/A,0,-1,9223372036854775807,N/A,536870911,MOD,4538,read,220,N/A,381681664,-1,0.000498,4194304,-1,-1,-1,-1,1718735049.813195,0.148205,66.683278
POSIX,1000,ip-172-31-89-93,3,N/A,0,-1,9223372036854775807,N/A,536870911,MOD,4538,read,221,N/A,385875968,-1,0.001138,4194304,-1,-1,-1,-1,1718735049.814818,0.149343,66.684261
POSIX,1000,ip-172-31-89-93,3,N/A,0,-1,9223372036854775807,N/A,536870911,MOD,4538,read,222,N/A,390070272,-1,0.000491,4194304,-1,-1,-1,-1,1718735049.815646,0.149834,66.685735
POSIX,1000,ip-172-31-89-93,3,N/A,0,-1,9223372036854775807,N/A,536870911,MOD,4538,read,223,N/A,394264576,-1,0.000574,4194304,-1,-1,-1,-1,1718735049.817598,0.150408,66.687605
POSIX,1000,ip-172-31-89-93,3,N/A,0,-1,9223372036854775807,N/A,536870911,MOD,4538,read,224,N/A,398458880,-1,0.000471,4194304,-1,-1,-1,-1,1718735049.818257,0.150879,66.688367
POSIX,1000,ip-172-31-89-93,3,N/A,0,-1,9223372036854775807,N/A,536870911,MOD,4538,read,225,N/A,402653184,-1,0.000534,4194304,-1,-1,-1,-1,1718735049.819300,0.151413,66.689347
POSIX,1000,ip-172-31-89-93,3,N/A,0,-1,9223372036854775807,N/A,536870911,MOD,4538,read,226,N/A,406847488,-1,0.000501,4194304,-1,-1,-1,-1,1718735049.820296,0.151915,66.690375
POSIX,1000,ip-172-31-89-93,3,N/A,0,-1,9223372036854775807,N/A,536870911,MOD,4538,read,227,N/A,411041792,-1,0.000472,4194304,-1,-1,-1,-1,1718735049.820993,0.152386,66.691102
POSIX,1000,ip-172-31-89-93,3,N/A,0,-1,9223372036854775807,N/A,536870911,MOD,4538,read,228,N/A,415236096,-1,0.000468,4194304,-1,-1,-1,-1,1718735049.823297,0.152854,66.693410
POSIX,1000,ip-172-31-89-93,3,N/A,0,-1,9223372036854775807,N/A,536870911,MOD,4538,read,229,N/A,419430400,-1,0.000473,4194304,-1,-1,-1,-1,1718735049.823970,0.153327,66.694077
POSIX,1000,ip-172-31-89-93,3,N/A,0,-1,9223372036854775807,N/A,536870911,MOD,4538,read,230,N/A,423624704,-1,0.000497,4194304,-1,-1,-1,-1,1718735049.824698,0.153824,66.694782
POSIX,1000,ip-172-31-89-93,3,N/A,0,-1,9223372036854775807,N/A,536870911,MOD,4538,read,231,N/A,427819008,-1,0.000524,4194304,-1,-1,-1,-1,1718735049.826709,0.154348,66.696767
POSIX,1000,ip-172-31-89-93,3,N/A,0,-1,9223372036854775807,N/A,536870911,MOD,4538,read,232,N/A,432013312,-1,0.000517,4194304,-1,-1,-1,-1,1718735049.827702,0.154865,66.697766
POSIX,1000,ip-172-31-89-93,3,N/A,0,-1,9223372036854775807,N/A,536870911,MOD,4538,read,233,N/A,436207616,-1,0.000516,4194304,-1,-1,-1,-1,1718735049.828541,0.155381,66.698606
POSIX,1000,ip-172-31-89-93,3,N/A,0,-1,9223372036854775807,N/A,536870911,MOD,4538,read,234,N/A,440401920,-1,0.000465,4194304,-1,-1,-1,-1,1718735049.829190,0.155846,66.699306
POSIX,1000,ip-172-31-89-93,3,N/A,0,-1,9223372036854775807,N/A,536870911,MOD,4538,read,235,N/A,444596224,-1,0.001538,4194304,-1,-1,-1,-1,1718735049.831228,0.157385,66.700271
POSIX,1000,ip-172-31-89-93,3,N/A,0,-1,9223372036854775807,N/A,536870911,MOD,4538,read,236,N/A,448790528,-1,0.000470,4194304,-1,-1,-1,-1,1718735049.832194,0.157855,66.702305
POSIX,1000,ip-172-31-89-93,3,N/A,0,-1,9223372036854775807,N/A,536870911,MOD,4538,read,237,N/A,452984832,-1,0.000475,4194304,-1,-1,-1,-1,1718735049.832859,0.158330,66.702964
POSIX,1000,ip-172-31-89-93,3,N/A,0,-1,9223372036854775807,N/A,536870911,MOD,4538,read,238,N/A,457179136,-1,0.000493,4194304,-1,-1,-1,-1,1718735049.833990,0.158822,66.704078
POSIX,1000,ip-172-31-89-93,3,N/A,0,-1,9223372036854775807,N/A,536870911,MOD,4538,read,239,N/A,461373440,-1,0.000490,4194304,-1,-1,-1,-1,1718735049.834804,0.159312,66.704895
POSIX,1000,ip-172-31-89-93,3,N/A,0,-1,9223372036854775807,N/A,536870911,MOD,4538,read,240,N/A,465567744,-1,0.000473,4194304,-1,-1,-1,-1,1718735049.836114,0.159786,66.706222
POSIX,1000,ip-172-31-89-93,3,N/A,0,-1,9223372036854775807,N/A,536870911,MOD,4538,read,241,N/A,469762048,-1,0.000467,4194304,-1,-1,-1,-1,1718735049.837026,0.160253,66.707140
POSIX,1000,ip-172-31-89-93,3,N/A,0,-1,9223372036854775807,N/A,536870911,MOD,4538,read,242,N/A,473956352,-1,0.000497,4194304,-1,-1,-1,-1,1718735049.838028,0.160750,66.708112
POSIX,1000,ip-172-31-89-93,3,N/A,0,-1,9223372036854775807,N/A,536870911,MOD,4538,read,243,N/A,478150656,-1,0.001777,4194304,-1,-1,-1,-1,1718735049.839983,0.162527,66.708787
POSIX,1000,ip-172-31-89-93,3,N/A,0,-1,9223372036854775807,N/A,536870911,MOD,4538,read,244,N/A,482344960,-1,0.000528,4194304,-1,-1,-1,-1,1718735049.841020,0.163055,66.711072
POSIX,1000,ip-172-31-89-93,3,N/A,0,-1,9223372036854775807,N/A,536870911,MOD,4538,read,245,N/A,486539264,-1,0.000466,4194304,-1,-1,-1,-1,1718735049.841970,0.163522,66.712085
POSIX,1000,ip-172-31-89-93,3,N/A,0,-1,9223372036854775807,N/A,536870911,MOD,4538,read,246,N/A,490733568,-1,0.001713,4194304,-1,-1,-1,-1,1718735049.844200,0.165235,66.713068
POSIX,1000,ip-172-31-89-93,3,N/A,0,-1,9223372036854775807,N/A,536870911,MOD,4538,read,247,N/A,494927872,-1,0.000511,4194304,-1,-1,-1,-1,1718735049.845220,0.165746,66.715289
POSIX,1000,ip-172-31-89-93,3,N/A,0,-1,9223372036854775807,N/A,536870911,MOD,4538,read,248,N/A,499122176,-1,0.000472,4194304,-1,-1,-1,-1,1718735049.846259,0.166218,66.716368
POSIX,1000,ip-172-31-89-93,3,N/A,0,-1,9223372036854775807,N/A,536870911,MOD,4538,read,249,N/A,503316480,-1,0.000468,4194304,-1,-1,-1,-1,1718735049.846933,0.166686,66.717046
POSIX,1000,ip-172-31-89-93,3,N/A,0,-1,9223372036854775807,N/A,536870911,MOD,4538,read,250,N/A,507510784,-1,0.001419,4194304,-1,-1,-1,-1,1718735049.848765,0.168105,66.717927
POSIX,1000,ip-172-31-89-93,3,N/A,0,-1,9223372036854775807,N/A,536870911,MOD,4538,read,251,N/A,511705088,-1,0.000510,4194304,-1,-1,-1,-1,1718735049.849763,0.168615,66.719834
POSIX,1000,ip-172-31-89-93,3,N/A,0,-1,9223372036854775807,N/A,536870911,MOD,4538,read,252,N/A,515899392,-1,0.000491,4194304,-1,-1,-1,-1,1718735049.850590,0.169106,66.720680
POSIX,1000,ip-172-31-89-93,3,N/A,0,-1,9223372036854775807,N/A,536870911,MOD,4538,read,253,N/A,520093696,-1,0.000472,4194304,-1,-1,-1,-1,1718735049.851244,0.169578,66.721353
POSIX,1000,ip-172-31-89-93,3,N/A,0,-1,9223372036854775807,N/A,536870911,MOD,4538,read,254,N/A,524288000,-1,0.000473,4194304,-1,-1,-1,-1,1718735049.853250,0.170052,66.723358
POSIX,1000,ip-172-31-89-93,3,N/A,0,-1,9223372036854775807,N/A,536870911,MOD,4538,read,255,N/A,528482304,-1,0.000544,4194304,-1,-1,-1,-1,1718735049.853995,0.170595,66.724032
POSIX,1000,ip-172-31-89-93,3,N/A,0,-1,9223372036854775807,N/A,536870911,MOD,4538,read,256,N/A,532676608,-1,0.000473,4194304,-1,-1,-1,-1,1718735049.854982,0.171068,66.725090
POSIX,1000,ip-172-31-89-93,-1,N/A,0,-1,9223372036854775807,N/A,-1,MOD,4538,close,4,N/A,-1,-1,0.000005,-1,-1,-1,-1,-1,1718735049.855242,0.001353,66.725818
STDIO,1000,ip-172-31-89-93,-1,N/A,0,10,9223372036854775807,N/A,308,MOD,4538,write,7,N/A,309,-1,0.000001,0,-1,-1,-1,-1,1718735049.855502,0.003101,66.726082
STDIO,1000,ip-172-31-89-93,-1,N/A,0,10,9223372036854775807,N/A,309,MOD,4538,write,8,N/A,309,-1,0.000017,1,-1,-1,-1,-1,1718735049.856747,0.003118,66.727311
STDIO,1000,ip-172-31-89-93,-1,N/A,0,10,9223372036854775807,N/A,330,MOD,4538,write,9,N/A,310,-1,0.000001,21,-1,-1,-1,-1,1718735049.856928,0.003119,66.727508
STDIO,1000,ip-172-31-89-93,-1,N/A,0,10,9223372036854775807,N/A,331,MOD,4538,write,10,N/A,331,-1,0.000014,1,-1,-1,-1,-1,1718735049.857021,0.003134,66.727588
STDIO,1000,ip-172-31-89-93,-1,N/A,0,10,9223372036854775807,N/A,395,MOD,4538,write,11,N/A,332,-1,0.000001,64,-1,-1,-1,-1,1718735049.857090,0.003134,66.727670
STDIO,1000,ip-172-31-89-93,-1,N/A,0,10,9223372036854775807,N/A,403,MOD,4538,write,12,N/A,396,-1,0.000003,8,-1,-1,-1,-1,1718735049.857107,0.003137,66.727685
STDIO,1000,ip-172-31-89-93,-1,N/A,0,10,9223372036854775807,N/A,404,MOD,4538,write,13,N/A,404,-1,0.000002,1,-1,-1,-1,-1,1718735049.857130,0.003140,66.727708
STDIO,1000,ip-172-31-89-93,-1,N/A,0,11,9223372036854775807,N/A,404,MOD,4538,write,13,N/A,405,-1,0.000001,0,-1,-1,-1,-1,1718735049.857143,0.003140,66.727723
STDIO,1000,ip-172-31-89-93,-1,N/A,0,11,9223372036854775807,N/A,405,MOD,4538,write,14,N/A,405,-1,0.000003,1,-1,-1,-1,-1,1718735049.857166,0.003143,66.727744
STDIO,1000,ip-172-31-89-93,-1,N/A,0,12,9223372036854775807,N/A,405,MOD,4538,write,14,N/A,406,-1,0.000000,0,-1,-1,-1,-1,1718735049.857178,0.003144,66.727759
